时间,实际功率(MW),预测功率_带NWP_XGB(MW),预测功率_无NWP_XGB(MW)
2019-05-25 00:00:00,6.819737,7.2908382,6.4417315
2019-05-25 00:15:00,7.743244,7.853202,7.139923
2019-05-25 00:30:00,8.61347,8.580679,8.401484
2019-05-25 00:45:00,9.465938,9.075069,7.8236647
2019-05-25 01:00:00,10.31841,10.100578,8.194684
2019-05-25 01:15:00,11.17087,10.612086,7.9227943
2019-05-25 01:30:00,12.00558,11.2385845,8.642297
2019-05-25 01:45:00,12.50285,11.897181,8.992562
2019-05-25 02:00:00,12.98236,12.438077,11.14419
2019-05-25 02:15:00,13.47964,13.689497,11.554316
2019-05-25 02:30:00,13.95915,13.451908,11.238899
2019-05-25 02:45:00,14.47418,14.160153,12.308651
2019-05-25 03:00:00,14.6873,14.346198,12.784489
2019-05-25 03:15:00,14.8649,14.034083,12.045585
2019-05-25 03:30:00,14.79386,14.184997,12.333327
2019-05-25 03:45:00,15.23785,14.316094,11.924143
2019-05-25 04:00:00,11.79246,14.184997,12.485149
2019-05-25 04:15:00,6.1803870000000005,14.142455,11.995801
2019-05-25 04:30:00,7.139411999999999,14.453541,12.911302
2019-05-25 04:45:00,6.926296000000001,14.331273,13.668246
2019-05-25 05:00:00,6.837497,12.557067,12.50653
2019-05-25 05:15:00,6.713178999999999,11.701955,12.154263
2019-05-25 05:30:00,14.75834,11.3577,11.768602
2019-05-25 05:45:00,14.58074,10.51155,10.8916
2019-05-25 06:00:00,9.235061,9.857829,10.652872
2019-05-25 06:15:00,13.28428,9.438826,10.64548
2019-05-25 06:30:00,12.64493,8.725611,10.620494
2019-05-25 06:45:00,12.43181,6.6652527,9.89276
2019-05-25 07:00:00,11.15311,7.974681,9.860448
2019-05-25 07:15:00,10.88672,5.404408,8.808596
2019-05-25 07:30:00,9.821133,5.3213882,7.911518
2019-05-25 07:45:00,4.102498000000001,7.1551285,7.3892226
2019-05-25 08:00:00,8.577950999999999,6.768239,6.9197392
2019-05-25 08:15:00,2.965875,6.069432,6.5155773
2019-05-25 08:30:00,5.487758,5.753562,5.7588816
2019-05-25 08:45:00,4.706329,4.991026,4.6107078
2019-05-25 09:00:00,3.889381,4.2652545,3.777242
2019-05-25 09:15:00,3.4809080000000003,3.5272605,2.6067505
2019-05-25 09:30:00,2.504122,3.2623215,3.2240782
2019-05-25 09:45:00,1.775973,2.9352694,2.8640723
2019-05-25 10:00:00,1.296461,1.6459119,1.5280099
2019-05-25 10:15:00,0.781428,1.3089266,1.1194551
2019-05-25 10:30:00,0.266396,0.97684264,0.5918696
2019-05-25 10:45:00,0.177597,0.6095731,0.40532804
2019-05-25 11:00:00,0.071039,0.4412434,0.36455894
2019-05-25 11:15:00,0.0,0.24405837,0.17233706
2019-05-25 11:30:00,0.0,0.22671413,0.17233706
2019-05-25 11:45:00,0.0,0.22683215,0.17222118
2019-05-25 12:00:00,0.0,0.22759628,0.17218637
2019-05-25 12:15:00,0.0,0.22759628,0.17124867
2019-05-25 12:30:00,0.0,0.22715831,0.17116547
2019-05-25 12:45:00,0.0,0.22715831,0.17116547
2019-05-25 13:00:00,0.0,0.22639418,0.17120957
2019-05-25 13:15:00,0.0,0.22639418,0.17120957
2019-05-25 13:30:00,0.0,0.22639418,0.17120957
2019-05-25 13:45:00,0.0,0.22639418,0.17120957
2019-05-25 14:00:00,0.0,0.22639418,0.17120957
2019-05-25 14:15:00,0.0,0.22639418,0.17120957
2019-05-25 14:30:00,0.0,0.22639418,0.17120957
2019-05-25 14:45:00,0.0,0.22639418,0.17120957
2019-05-25 15:00:00,0.0,0.22639418,0.17120957
2019-05-25 15:15:00,0.0,0.22639418,0.17120957
2019-05-25 15:30:00,0.0,0.22639418,0.17120957
2019-05-25 15:45:00,0.0,0.22639418,0.17120957
2019-05-25 16:00:00,0.0,0.2258513,0.17120957
2019-05-25 16:15:00,0.0,0.2258513,0.17120957
2019-05-25 16:30:00,0.0,0.2258513,0.17120957
2019-05-25 16:45:00,0.0,0.2258513,0.17120957
2019-05-25 17:00:00,0.0,0.2258513,0.17120957
2019-05-25 17:15:00,0.0,0.2258513,0.17120957
2019-05-25 17:30:00,0.0,0.2258513,0.17120957
2019-05-25 17:45:00,0.0,0.2258513,0.17120957
2019-05-25 18:00:00,0.0,0.2258513,0.17120957
2019-05-25 18:15:00,0.0,0.2258513,0.17120957
2019-05-25 18:30:00,0.0,0.2258513,0.17120957
2019-05-25 18:45:00,0.0,0.2258513,0.17120957
2019-05-25 19:00:00,0.0,0.2258513,0.17120957
2019-05-25 19:15:00,0.0,0.2258513,0.17120957
2019-05-25 19:30:00,0.0,0.2258513,0.17120957
2019-05-25 19:45:00,0.0,0.2258513,0.17120957
2019-05-25 20:00:00,0.0,0.2258513,0.17120957
2019-05-25 20:15:00,0.0,0.22387695,0.17120957
2019-05-25 20:30:00,0.0,0.22387695,0.17120957
2019-05-25 20:45:00,0.0,0.22387695,0.17120957
2019-05-25 21:00:00,0.0,0.32132936,0.17120957
2019-05-25 21:15:00,0.035519,0.40936637,0.34296393
2019-05-25 21:30:00,0.195357,0.5652034,0.60532784
2019-05-25 21:45:00,0.550552,0.8489466,0.798089
2019-05-25 22:00:00,0.67487,1.0308936,1.2442269
2019-05-25 22:15:00,0.710389,1.2765298,1.4738557
2019-05-25 22:30:00,1.367499,1.7686514,2.2830243
2019-05-25 22:45:00,1.98909,1.9993308,2.9218016
2019-05-25 23:00:00,2.912596,2.2490408,2.8671203
2019-05-25 23:15:00,3.35659,2.936479,3.3809633
2019-05-25 23:30:00,2.344285,3.4360547,3.6953714
2019-05-25 23:45:00,3.107953,5.0518785,5.7408457
2019-05-26 00:00:00,4.812888,3.985618,5.303563
2019-05-26 00:15:00,6.908536,4.1438847,5.9770226
2019-05-26 00:30:00,7.725484,4.886643,7.3008003
2019-05-26 00:45:00,8.577950999999999,5.2212753,7.0180483
2019-05-26 01:00:00,9.412659,6.0543594,7.4299417
2019-05-26 01:15:00,10.24737,7.209496,7.9091225
2019-05-26 01:30:00,10.21185,8.079498,9.416345
2019-05-26 01:45:00,11.11759,9.140317,9.4212055
2019-05-26 02:00:00,11.9523,10.061335,10.377605
2019-05-26 02:15:00,12.64493,10.925958,10.906369
2019-05-26 02:30:00,13.12444,10.4978695,10.118592
2019-05-26 02:45:00,13.33756,11.403855,11.437621
2019-05-26 03:00:00,13.92363,11.477659,11.254754
2019-05-26 03:15:00,14.34986,10.720065,10.503874
2019-05-26 03:30:00,13.00012,10.66844,10.727597
2019-05-26 03:45:00,11.40175,10.570429,11.037588
2019-05-26 04:00:00,11.18863,9.57505,11.261261
2019-05-26 04:15:00,15.11353,9.29231,10.28727
2019-05-26 04:30:00,15.273370000000002,9.359966,11.21756
2019-05-26 04:45:00,15.39769,9.379463,11.759467
2019-05-26 05:00:00,14.84714,8.622943,10.796421
2019-05-26 05:15:00,12.50285,7.233419,10.399693
2019-05-26 05:30:00,5.949511,7.452279,11.2710085
2019-05-26 05:45:00,5.452238,6.515554,11.206054
2019-05-26 06:00:00,5.842952,6.674257,11.873231
2019-05-26 06:15:00,2.557401,6.003568,9.722338
2019-05-26 06:30:00,1.172142,6.3692026,9.818234
2019-05-26 06:45:00,4.475453,5.2706866,9.647289
2019-05-26 07:00:00,7.263731,4.9416943,9.103498
2019-05-26 07:15:00,5.221362,5.1741824,9.132664
2019-05-26 07:30:00,3.99594,4.3720865,8.102956
2019-05-26 07:45:00,4.084739,4.135616,6.846608
2019-05-26 08:00:00,3.019155,3.570486,6.4451847
2019-05-26 08:15:00,2.930356,2.2533374,5.5750403
2019-05-26 08:30:00,0.816948,1.943155,5.2148767
2019-05-26 08:45:00,0.248636,3.752899,4.755208
2019-05-26 09:00:00,0.301915,3.07842,3.6085284
2019-05-26 09:15:00,0.443993,2.552472,3.1497035
2019-05-26 09:30:00,0.372954,2.1194196,3.0952916
2019-05-26 09:45:00,0.372954,1.6185122,2.5626082
2019-05-26 10:00:00,0.159838,1.0673733,1.3096488
2019-05-26 10:15:00,0.0,0.9690511,1.0040927
2019-05-26 10:30:00,0.0,0.64244914,0.55577207
2019-05-26 10:45:00,0.0,0.2784853,0.37926102
2019-05-26 11:00:00,0.0,0.27436638,0.36455894
2019-05-26 11:15:00,0.0,0.22475648,0.17233706
2019-05-26 11:30:00,0.0,0.22475648,0.17233706
2019-05-26 11:45:00,0.0,0.22475648,0.17222118
2019-05-26 12:00:00,0.0,0.22552061,0.17218637
2019-05-26 12:15:00,0.0,0.22552061,0.17124867
2019-05-26 12:30:00,0.0,0.22520065,0.17116547
2019-05-26 12:45:00,0.0,0.22520065,0.17116547
2019-05-26 13:00:00,0.0,0.23093438,0.17120957
2019-05-26 13:15:00,0.0,0.22995329,0.17120957
2019-05-26 13:30:00,0.0,0.22995329,0.17120957
2019-05-26 13:45:00,0.0,0.22995329,0.17120957
2019-05-26 14:00:00,0.0,0.23893762,0.17120957
2019-05-26 14:15:00,0.0,0.23893762,0.17120957
2019-05-26 14:30:00,0.0,0.23893762,0.17120957
2019-05-26 14:45:00,0.0,0.23893762,0.17120957
2019-05-26 15:00:00,0.0,0.23893762,0.17120957
2019-05-26 15:15:00,0.0,0.23893762,0.17120957
2019-05-26 15:30:00,0.0,0.22995329,0.17120957
2019-05-26 15:45:00,0.0,0.22443628,0.17120957
2019-05-26 16:00:00,0.0,0.22423649,0.17120957
2019-05-26 16:15:00,0.0,0.22423649,0.17120957
2019-05-26 16:30:00,0.0,0.22423649,0.17120957
2019-05-26 16:45:00,0.0,0.22423649,0.17120957
2019-05-26 17:00:00,0.0,0.22423649,0.17120957
2019-05-26 17:15:00,0.0,0.22423649,0.17120957
2019-05-26 17:30:00,0.0,0.22423649,0.17120957
2019-05-26 17:45:00,0.0,0.22423649,0.17120957
2019-05-26 18:00:00,0.0,0.22423649,0.17120957
2019-05-26 18:15:00,0.0,0.22423649,0.17120957
2019-05-26 18:30:00,0.0,0.22423649,0.17120957
2019-05-26 18:45:00,0.0,0.22423649,0.17120957
2019-05-26 19:00:00,0.0,0.22423649,0.17120957
2019-05-26 19:15:00,0.0,0.22423649,0.17120957
2019-05-26 19:30:00,0.0,0.22423649,0.17120957
2019-05-26 19:45:00,0.0,0.22423649,0.17120957
2019-05-26 20:00:00,0.0,0.22423649,0.17120957
2019-05-26 20:15:00,0.0,0.22423649,0.17120957
2019-05-26 20:30:00,0.0,0.22423649,0.17120957
2019-05-26 20:45:00,0.0,0.22423649,0.17120957
2019-05-26 21:00:00,0.0,0.237427,0.17120957
2019-05-26 21:15:00,0.159838,0.48617363,0.25095344
2019-05-26 21:30:00,0.479513,0.66246295,0.44620967
2019-05-26 21:45:00,0.603831,1.0214579,0.6509001
2019-05-26 22:00:00,0.69263,1.1824589,0.95530796
2019-05-26 22:15:00,1.065584,1.8250432,1.1798232
2019-05-26 22:30:00,1.545097,2.4384904,1.8139367
2019-05-26 22:45:00,2.255486,3.444055,2.4601738
2019-05-26 23:00:00,3.516427,4.011423,3.141283
2019-05-26 23:15:00,4.830647,4.5713053,3.5754294
2019-05-26 23:30:00,5.185842,5.293619,4.534213
2019-05-26 23:45:00,6.1981470000000005,6.224681,5.1436462
2019-05-27 00:00:00,8.755548,7.781127,7.1964974
2019-05-27 00:15:00,9.96321,8.602918,7.450698
2019-05-27 00:30:00,10.99327,9.258397,8.478634
2019-05-27 00:45:00,12.05886,11.040027,9.616949
2019-05-27 01:00:00,12.59165,11.56829,10.413769
2019-05-27 01:15:00,9.377139,12.537538,10.708748
2019-05-27 01:30:00,14.74058,12.988717,11.811656
2019-05-27 01:45:00,15.43321,14.298718,12.323197
2019-05-27 02:00:00,16.161360000000002,14.689064,12.684865
2019-05-27 02:15:00,16.694151,15.206986,13.040192
2019-05-27 02:30:00,16.108079999999998,15.612476,13.3383465
2019-05-27 02:45:00,17.546619,15.881217,13.878923
2019-05-27 03:00:00,17.741970000000002,15.968238,13.996106
2019-05-27 03:15:00,18.381321,16.064573,14.1675825
2019-05-27 03:30:00,18.487881,16.091665,14.307538
2019-05-27 03:45:00,18.487881,16.100168,14.704597
2019-05-27 04:00:00,18.59444,16.137512,14.222269
2019-05-27 04:15:00,16.21464,16.168892,14.399955
2019-05-27 04:30:00,18.66548,16.168892,14.017937
2019-05-27 04:45:00,18.80756,16.032028,13.72086
2019-05-27 05:00:00,17.52886,16.059055,13.9932575
2019-05-27 05:15:00,16.179119,15.7237835,14.078081
2019-05-27 05:30:00,14.22555,15.642609,14.174364
2019-05-27 05:45:00,17.031579999999998,14.794738,13.952885
2019-05-27 06:00:00,17.244699,13.8707485,12.936163
2019-05-27 06:15:00,15.64632,12.301633,12.9084215
2019-05-27 06:30:00,15.379929999999998,11.232506,11.803538
2019-05-27 06:45:00,13.3198,11.02118,11.0547085
2019-05-27 07:00:00,13.95915,10.764647,10.060037
2019-05-27 07:15:00,11.38399,10.774638,10.084593
2019-05-27 07:30:00,11.89902,10.414727,9.051443
2019-05-27 07:45:00,10.97552,9.223835,7.1375647
2019-05-27 08:00:00,9.838892,8.962761,7.395197
2019-05-27 08:15:00,8.027399,8.051533,5.932766
2019-05-27 08:30:00,7.636685000000001,7.3986173,5.617047
2019-05-27 08:45:00,5.487758,6.180195,4.620517
2019-05-27 09:00:00,4.901686,5.316749,3.6899464
2019-05-27 09:15:00,4.244576,4.498774,3.0844276
2019-05-27 09:30:00,3.019155,3.436683,2.3257303
2019-05-27 09:45:00,1.953571,2.4457421,1.6150858
2019-05-27 10:00:00,1.296461,1.8198973,1.1692986
2019-05-27 10:15:00,0.8879870000000001,1.3717306,0.624244
2019-05-27 10:30:00,0.497272,1.0351081,0.34936452
2019-05-27 10:45:00,0.443993,0.6328566,0.29297066
2019-05-27 11:00:00,0.248636,0.4933498,0.24274898
2019-05-27 11:15:00,0.0,0.23893094,0.17233706
2019-05-27 11:30:00,0.0,0.22574043,0.17233706
2019-05-27 11:45:00,0.0,0.22572422,0.17222118
2019-05-27 12:00:00,0.0,0.22451472,0.17218637
2019-05-27 12:15:00,0.0,0.22451472,0.17124867
2019-05-27 12:30:00,0.0,0.22421098,0.17116547
2019-05-27 12:45:00,0.0,0.22451138,0.17116547
2019-05-27 13:00:00,0.0,0.22603178,0.17120957
2019-05-27 13:15:00,0.0,0.22601557,0.17120957
2019-05-27 13:30:00,0.0,0.22601557,0.17120957
2019-05-27 13:45:00,0.0,0.22601557,0.17120957
2019-05-27 14:00:00,0.0,0.2236774,0.17120957
2019-05-27 14:15:00,0.0,0.2236774,0.17120957
2019-05-27 14:30:00,0.0,0.2236774,0.17120957
2019-05-27 14:45:00,0.0,0.2236774,0.17120957
2019-05-27 15:00:00,0.0,0.2236774,0.17120957
2019-05-27 15:15:00,0.0,0.2236774,0.17120957
2019-05-27 15:30:00,0.0,0.2236774,0.17120957
2019-05-27 15:45:00,0.0,0.2236774,0.17120957
2019-05-27 16:00:00,0.0,0.2236774,0.17120957
2019-05-27 16:15:00,0.0,0.2236774,0.17120957
2019-05-27 16:30:00,0.0,0.2236774,0.17120957
2019-05-27 16:45:00,0.0,0.2236774,0.17120957
2019-05-27 17:00:00,0.0,0.2236774,0.17120957
2019-05-27 17:15:00,0.0,0.2236774,0.17120957
2019-05-27 17:30:00,0.0,0.2236774,0.17120957
2019-05-27 17:45:00,0.0,0.2236774,0.17120957
2019-05-27 18:00:00,0.0,0.2236774,0.17120957
2019-05-27 18:15:00,0.0,0.2236774,0.17120957
2019-05-27 18:30:00,0.0,0.2236774,0.17120957
2019-05-27 18:45:00,0.0,0.2236774,0.17120957
2019-05-27 19:00:00,0.0,0.2236774,0.17120957
2019-05-27 19:15:00,0.0,0.2236774,0.17120957
2019-05-27 19:30:00,0.0,0.2236774,0.17120957
2019-05-27 19:45:00,0.0,0.2236774,0.17120957
2019-05-27 20:00:00,0.0,0.2236774,0.17120957
2019-05-27 20:15:00,0.0,0.2236774,0.17120957
2019-05-27 20:30:00,0.0,0.2236774,0.17120957
2019-05-27 20:45:00,0.0,0.2236774,0.17120957
2019-05-27 21:00:00,0.0,0.23688412,0.17120957
2019-05-27 21:15:00,0.195357,0.42085218,0.29861856
2019-05-27 21:30:00,0.319675,0.6495633,0.51573515
2019-05-27 21:45:00,0.532792,1.0061996,0.8511336
2019-05-27 22:00:00,0.7281489999999999,1.3098781,0.96241236
2019-05-27 22:15:00,1.260941,1.6157587,1.1208732
2019-05-27 22:30:00,2.166687,2.0734031,1.6751058
2019-05-27 22:45:00,3.445388,3.1621797,2.3704298
2019-05-27 23:00:00,3.658505,3.8776684,3.013734
2019-05-27 23:15:00,5.097044,4.706271,3.9277225
2019-05-27 23:30:00,6.286944999999999,5.639529,4.702748
2019-05-27 23:45:00,7.530127,7.013916,5.237645
2019-05-28 00:00:00,8.844347,7.9187202,6.699999
2019-05-28 00:15:00,9.803372,9.037633,7.269287
2019-05-28 00:30:00,8.542432000000002,9.787587,7.519146
2019-05-28 00:45:00,11.41951,11.328557,9.253854
2019-05-28 01:00:00,12.68045,12.050782,9.887576
2019-05-28 01:15:00,13.4974,12.774929,8.974108
2019-05-28 01:30:00,14.13675,13.559798,10.917778
2019-05-28 01:45:00,14.75834,14.200415,11.191309
2019-05-28 02:00:00,15.29113,14.910199,11.830165
2019-05-28 02:15:00,15.85944,15.808881,12.040016
2019-05-28 02:30:00,16.232401,15.702839,11.643767
2019-05-28 02:45:00,16.51655,16.16713,13.913255
2019-05-28 03:00:00,16.782949,16.263908,14.223263
2019-05-28 03:15:00,17.297979,16.384659,14.78623
2019-05-28 03:30:00,17.386779999999998,16.38804,15.128517
2019-05-28 03:45:00,17.475579999999997,16.38804,15.128517
2019-05-28 04:00:00,17.511101,16.337969,15.279118
2019-05-28 04:15:00,17.4223,15.92164,13.290479
2019-05-28 04:30:00,17.351259,16.291763,15.32655
2019-05-28 04:45:00,17.315741,16.314308,15.3764105
2019-05-28 05:00:00,16.996071,16.278833,14.846305
2019-05-28 05:15:00,16.853991,16.027618,12.549993
2019-05-28 05:30:00,16.338949,15.674285,12.110248
2019-05-28 05:45:00,16.0548,15.919122,14.166168
2019-05-28 06:00:00,15.48649,15.767321,13.358844
2019-05-28 06:15:00,14.91818,14.381225,11.984475
2019-05-28 06:30:00,14.3321,14.057426,12.025116
2019-05-28 06:45:00,13.76379,13.36028,10.942645
2019-05-28 07:00:00,12.84029,13.033556,11.123593
2019-05-28 07:15:00,12.11214,12.111396,9.718662
2019-05-28 07:30:00,11.20639,11.509431,9.741
2019-05-28 07:45:00,10.15857,9.397925,8.379562
2019-05-28 08:00:00,9.181782,8.665001,7.5399003
2019-05-28 08:15:00,8.204996000000001,7.618717,6.361926
2019-05-28 08:30:00,6.9973350000000005,6.994198,6.4118834
2019-05-28 08:45:00,5.825192,5.466522,5.244251
2019-05-28 09:00:00,4.777368,4.5867624,4.0197554
2019-05-28 09:15:00,3.711784,4.0911207,3.440714
2019-05-28 09:30:00,2.752759,3.340948,2.6194859
2019-05-28 09:45:00,1.864772,2.3765712,1.9455078
2019-05-28 10:00:00,1.420779,1.6361477,1.0821629
2019-05-28 10:15:00,1.136623,1.3377225,0.8829913
2019-05-28 10:30:00,0.710389,1.0092316,0.50714326
2019-05-28 10:45:00,0.443993,0.63496804,0.49371386
2019-05-28 11:00:00,0.159838,1.0342319,1.0215337
2019-05-28 11:15:00,0.0,0.26666927,0.17945552
2019-05-28 11:30:00,0.0,0.24295306,0.17945552
2019-05-28 11:45:00,0.0,0.24295306,0.17933965
2019-05-28 12:00:00,0.0,0.24371743,0.18011117
2019-05-28 12:15:00,0.0,0.24371743,0.17917347
2019-05-28 12:30:00,0.0,0.24339724,0.17913747
2019-05-28 12:45:00,0.0,0.24339724,0.17913747
2019-05-28 13:00:00,0.0,0.2426331,0.17381811
2019-05-28 13:15:00,0.0,0.2426331,0.17381811
2019-05-28 13:30:00,0.0,0.2426331,0.17381811
2019-05-28 13:45:00,0.0,0.2426331,0.17381811
2019-05-28 14:00:00,0.0,0.2426331,0.17381811
2019-05-28 14:15:00,0.0,0.2426331,0.17381811
2019-05-28 14:30:00,0.0,0.2426331,0.17381811
2019-05-28 14:45:00,0.0,0.2426331,0.17381811
2019-05-28 15:00:00,0.0,0.2234304,0.17381811
2019-05-28 15:15:00,0.0,0.2234304,0.17381811
2019-05-28 15:30:00,0.0,0.2364204,0.17381811
2019-05-28 15:45:00,0.0,0.2234304,0.17381811
2019-05-28 16:00:00,0.0,0.24683952,0.17381811
2019-05-28 16:15:00,0.0,0.24683952,0.17381811
2019-05-28 16:30:00,0.0,0.24683952,0.17381811
2019-05-28 16:45:00,0.0,0.24695706,0.17381811
2019-05-28 17:00:00,0.0,0.2236774,0.17381811
2019-05-28 17:15:00,0.0,0.2236774,0.17381811
2019-05-28 17:30:00,0.0,0.2236774,0.17381811
2019-05-28 17:45:00,0.0,0.2236774,0.17381811
2019-05-28 18:00:00,0.0,0.2236774,0.17381811
2019-05-28 18:15:00,0.0,0.2236774,0.17381811
2019-05-28 18:30:00,0.0,0.2236774,0.17381811
2019-05-28 18:45:00,0.0,0.2236774,0.17381811
2019-05-28 19:00:00,0.0,0.2236774,0.17381811
2019-05-28 19:15:00,0.0,0.2236774,0.17381811
2019-05-28 19:30:00,0.0,0.2236774,0.17381811
2019-05-28 19:45:00,0.0,0.2236774,0.17381811
2019-05-28 20:00:00,0.0,0.2236774,0.17381811
2019-05-28 20:15:00,0.0,0.2236774,0.17381811
2019-05-28 20:30:00,0.0,0.2236774,0.17381811
2019-05-28 20:45:00,0.0,0.2236774,0.17381811
2019-05-28 21:00:00,0.0,0.24739361,0.17381811
2019-05-28 21:15:00,0.195357,0.43315506,0.3555336
2019-05-28 21:30:00,0.372954,0.7235658,0.52535295
2019-05-28 21:45:00,0.621591,0.9972849,0.6543772
2019-05-28 22:00:00,0.816948,1.2959039,0.83924985
2019-05-28 22:15:00,1.189902,1.5819569,1.1823885
2019-05-28 22:30:00,1.864772,2.3289018,1.9780381
2019-05-28 22:45:00,2.734999,3.1777909,3.025917
2019-05-28 23:00:00,3.818342,3.7481904,3.4723814
2019-05-28 23:15:00,4.990485,4.596992,4.204586
2019-05-28 23:30:00,6.091588,5.887171,5.004362
2019-05-28 23:45:00,7.192692,6.7363687,5.6732
2019-05-29 00:00:00,8.382594000000001,7.810895,7.464414
2019-05-29 00:15:00,9.483697,8.641504,8.264855
2019-05-29 00:30:00,10.51376,9.33475,7.9300985
2019-05-29 00:45:00,11.43727,10.827059,9.584228
2019-05-29 01:00:00,12.39629,11.551493,10.225863
2019-05-29 01:15:00,13.17772,12.27434,9.99237
2019-05-29 01:30:00,13.78155,12.80612,11.329908
2019-05-29 01:45:00,14.56298,13.644537,12.588451
2019-05-29 02:00:00,15.16681,13.904359,12.992591
2019-05-29 02:15:00,15.68184,14.586265,13.060326
2019-05-29 02:30:00,16.090321,14.732882,13.466808
2019-05-29 02:45:00,16.48103,14.294821,13.5477915
2019-05-29 03:00:00,16.76519,14.359606,13.876785
2019-05-29 03:15:00,17.013821,14.9342985,13.74483
2019-05-29 03:30:00,17.262461,14.604786,13.934245
2019-05-29 03:45:00,17.315741,14.895734,14.194832
2019-05-29 04:00:00,17.4223,15.012839,14.564866
2019-05-29 04:15:00,17.457821,15.219648,14.011224
2019-05-29 04:30:00,17.209181,15.046276,14.798193
2019-05-29 04:45:00,17.049339,14.791377,14.910377
2019-05-29 05:00:00,16.81847,14.886541,14.498503
2019-05-29 05:15:00,16.445511,15.148148,14.484945
2019-05-29 05:30:00,16.0548,14.647612,12.684429
2019-05-29 05:45:00,15.71736,14.372223,13.293965
2019-05-29 06:00:00,15.39769,13.955018,12.864359
2019-05-29 06:15:00,14.70506,13.585961,12.773777
2019-05-29 06:30:00,13.94139,13.318721,12.483081
2019-05-29 06:45:00,13.3198,11.9317255,11.07697
2019-05-29 07:00:00,12.44957,11.5494175,11.10653
2019-05-29 07:15:00,11.81022,10.888592,10.425258
2019-05-29 07:30:00,10.70912,10.393162,9.3636055
2019-05-29 07:45:00,9.892171,9.101246,8.344238
2019-05-29 08:00:00,8.933146,8.377932,7.5850415
2019-05-29 08:15:00,8.00964,7.1794305,6.848547
2019-05-29 08:30:00,6.890776,6.7623515,6.161109
2019-05-29 08:45:00,5.434478,5.504168,4.8076215
2019-05-29 09:00:00,4.937206,4.404347,4.205016
2019-05-29 09:15:00,3.676265,3.7327313,3.5815065
2019-05-29 09:30:00,2.557401,3.0815544,2.7585514
2019-05-29 09:45:00,1.953571,2.2895837,2.1090407
2019-05-29 10:00:00,1.189902,1.8582987,1.3791196
2019-05-29 10:15:00,0.67487,1.4792647,1.0792191
2019-05-29 10:30:00,0.63935,1.0764852,0.7202046
2019-05-29 10:45:00,0.4617529999999999,0.7378943,0.59326625
2019-05-29 11:00:00,0.088799,1.1204858,1.2203054
2019-05-29 11:15:00,0.0177599999999999,0.29061246,0.18088174
2019-05-29 11:30:00,0.0,0.255826,0.17945552
2019-05-29 11:45:00,0.0,0.255826,0.17933965
2019-05-29 12:00:00,0.0,0.25659013,0.18011117
2019-05-29 12:15:00,0.0,0.25659013,0.17917347
2019-05-29 12:30:00,0.0,0.25627017,0.17913747
2019-05-29 12:45:00,0.0,0.25627017,0.17913747
2019-05-29 13:00:00,0.0,0.2555058,0.17381811
2019-05-29 13:15:00,0.0,0.2555058,0.17381811
2019-05-29 13:30:00,0.0,0.2555058,0.17381811
2019-05-29 13:45:00,0.0,0.2555058,0.17381811
2019-05-29 14:00:00,0.0,0.26628876,0.17381811
2019-05-29 14:15:00,0.0,0.26604247,0.17381811
2019-05-29 14:30:00,0.0,0.26604247,0.17381811
2019-05-29 14:45:00,0.0,0.26604247,0.17381811
2019-05-29 15:00:00,0.0,0.26604247,0.17381811
2019-05-29 15:15:00,0.0,0.26604247,0.17381811
2019-05-29 15:30:00,0.0,0.26604247,0.17381811
2019-05-29 15:45:00,0.0,0.26604247,0.17381811
2019-05-29 16:00:00,0.0,0.26604247,0.17381811
2019-05-29 16:15:00,0.0,0.24683952,0.17381811
2019-05-29 16:30:00,0.0,0.24683952,0.17381811
2019-05-29 16:45:00,0.0,0.24683952,0.17381811
2019-05-29 17:00:00,0.0,0.24683952,0.17381811
2019-05-29 17:15:00,0.0,0.24683952,0.17381811
2019-05-29 17:30:00,0.0,0.24683952,0.17381811
2019-05-29 17:45:00,0.0,0.25790977,0.17381811
2019-05-29 18:00:00,0.0,0.25815606,0.17381811
2019-05-29 18:15:00,0.0,0.24767399,0.17381811
2019-05-29 18:30:00,0.0,0.2473731,0.17381811
2019-05-29 18:45:00,0.0,0.2473731,0.17381811
2019-05-29 19:00:00,0.0,0.2473731,0.17381811
2019-05-29 19:15:00,0.0,0.2473731,0.17381811
2019-05-29 19:30:00,0.0,0.2473731,0.17381811
2019-05-29 19:45:00,0.0,0.2473731,0.17381811
2019-05-29 20:00:00,0.0,0.24708581,0.17381811
2019-05-29 20:15:00,0.0,0.24683952,0.17381811
2019-05-29 20:30:00,0.0,0.24683952,0.17381811
2019-05-29 20:45:00,0.0,0.24695706,0.17381811
2019-05-29 21:00:00,0.0,0.27067327,0.17381811
2019-05-29 21:15:00,0.124318,0.41637397,0.36196804
2019-05-29 21:30:00,0.248636,0.63527465,0.51747227
2019-05-29 21:45:00,0.408474,0.8793764,0.75320673
2019-05-29 22:00:00,0.763668,1.0406034,0.9077921
2019-05-29 22:15:00,1.1011030000000002,1.1427739,1.2534947
2019-05-29 22:30:00,1.98909,1.9373623,2.0583067
2019-05-29 22:45:00,1.562856,2.5713162,2.9881327
2019-05-29 23:00:00,1.864772,3.192004,3.526005
2019-05-29 23:15:00,2.468603,3.604059,4.138578
2019-05-29 23:30:00,2.859317,4.9951777,5.1514277
2019-05-29 23:45:00,3.445388,5.5147257,5.9278827
2019-05-30 00:00:00,3.2855510000000003,7.1726413,7.45415
2019-05-30 00:15:00,4.351135,7.857212,8.386343
2019-05-30 00:30:00,6.091588,8.161298,8.125034
2019-05-30 00:45:00,6.020549,8.25854,9.589734
2019-05-30 01:00:00,6.784217999999999,9.326923,10.191461
2019-05-30 01:15:00,5.523276999999999,10.135187,10.631734
2019-05-30 01:30:00,6.535582,11.460184,11.48968
2019-05-30 01:45:00,6.6066210000000005,11.906432,12.31205
2019-05-30 02:00:00,9.057464,12.170059,13.062222
2019-05-30 02:15:00,10.83344,12.175207,13.118578
2019-05-30 02:30:00,10.78016,12.641604,13.40167
2019-05-30 02:45:00,10.81568,12.747434,13.484998
2019-05-30 03:00:00,17.653179,12.336029,13.436534
2019-05-30 03:15:00,17.28022,12.990985,14.383732
2019-05-30 03:30:00,17.617649,12.814627,14.375064
2019-05-30 03:45:00,17.813009,12.740941,14.375064
2019-05-30 04:00:00,16.161360000000002,12.354763,14.375064
2019-05-30 04:15:00,15.52201,12.354763,14.375064
2019-05-30 04:30:00,15.62856,12.404564,14.375064
2019-05-30 04:45:00,9.536977,12.248769,14.375064
2019-05-30 05:00:00,16.46327,10.985009,13.889948
2019-05-30 05:15:00,16.0548,11.050934,13.501683
2019-05-30 05:30:00,15.13129,10.895487,13.451535
2019-05-30 05:45:00,11.08207,9.311269,13.148639
2019-05-30 06:00:00,12.02334,8.961453,12.67419
2019-05-30 06:15:00,13.01788,10.354206,12.12971
2019-05-30 06:30:00,13.621720000000002,11.429738,11.813349
2019-05-30 06:45:00,13.00012,10.854912,11.272738
2019-05-30 07:00:00,11.25967,11.002264,10.813257
2019-05-30 07:15:00,10.63808,11.010005,10.618644
2019-05-30 07:30:00,10.33616,10.24863,9.518167
2019-05-30 07:45:00,9.110743,9.471263,8.531171
2019-05-30 08:00:00,8.364834,8.788812,7.9185
2019-05-30 08:15:00,7.441327999999999,7.947323,7.1956997
2019-05-30 08:30:00,6.464543,7.2977705,6.299473
2019-05-30 08:45:00,4.724089,5.958813,5.0336285
2019-05-30 09:00:00,4.297855,4.552981,4.522191
2019-05-30 09:15:00,3.516427,3.9299197,3.44043
2019-05-30 09:30:00,2.575161,3.156473,2.6276703
2019-05-30 09:45:00,1.882532,2.4301524,2.1643727
2019-05-30 10:00:00,1.34974,2.2001948,1.4059813
2019-05-30 10:15:00,0.959026,1.8343309,1.8348128
2019-05-30 10:30:00,0.69263,1.0551863,1.6610615
2019-05-30 10:45:00,0.408474,0.7553549,1.0761826
2019-05-30 11:00:00,0.159838,1.0414469,1.344459
2019-05-30 11:15:00,0.0177599999999999,0.26691628,0.38738227
2019-05-30 11:30:00,0.0,0.24321628,0.38517308
2019-05-30 11:45:00,0.0,0.2240138,0.3850572
2019-05-30 12:00:00,0.0,0.22477794,0.19254303
2019-05-30 12:15:00,0.0,0.22477794,0.19160533
2019-05-30 12:30:00,0.0,0.22445798,0.19156933
2019-05-30 12:45:00,0.0,0.22445798,0.19156933
2019-05-30 13:00:00,0.0,0.22369361,0.18624997
2019-05-30 13:15:00,0.0,0.22369361,0.18624997
2019-05-30 13:30:00,0.0,0.22369361,0.18624997
2019-05-30 13:45:00,0.0,0.22369361,0.18624997
2019-05-30 14:00:00,0.0,0.22369361,0.18624997
2019-05-30 14:15:00,0.0,0.22369361,0.18624997
2019-05-30 14:30:00,0.0,0.22369361,0.18624997
2019-05-30 14:45:00,0.0,0.22369361,0.18624997
2019-05-30 15:00:00,0.0,0.2236774,0.18624997
2019-05-30 15:15:00,0.0,0.2236774,0.18624997
2019-05-30 15:30:00,0.0,0.2236774,0.18624997
2019-05-30 15:45:00,0.0,0.2236774,0.18624997
2019-05-30 16:00:00,0.0,0.24685574,0.18624997
2019-05-30 16:15:00,0.0,0.24685574,0.18624997
2019-05-30 16:30:00,0.0,0.24685574,0.18624997
2019-05-30 16:45:00,0.0,0.24685574,0.18624997
2019-05-30 17:00:00,0.0,0.22369361,0.18624997
2019-05-30 17:15:00,0.0,0.22369361,0.18624997
2019-05-30 17:30:00,0.0,0.22369361,0.18624997
2019-05-30 17:45:00,0.0,0.22369361,0.18624997
2019-05-30 18:00:00,0.0,0.22369361,0.18624997
2019-05-30 18:15:00,0.0,0.22369361,0.18624997
2019-05-30 18:30:00,0.0,0.22369361,0.18624997
2019-05-30 18:45:00,0.0,0.22369361,0.18624997
2019-05-30 19:00:00,0.0,0.2236774,0.18624997
2019-05-30 19:15:00,0.0,0.2236774,0.18624997
2019-05-30 19:30:00,0.0,0.2236774,0.18624997
2019-05-30 19:45:00,0.0,0.2236774,0.18624997
2019-05-30 20:00:00,0.0,0.2236774,0.18624997
2019-05-30 20:15:00,0.0,0.2236774,0.18624997
2019-05-30 20:30:00,0.0,0.2236774,0.18624997
2019-05-30 20:45:00,0.0,0.2236774,0.18624997
2019-05-30 21:00:00,0.0177599999999999,0.24739361,0.18624997
2019-05-30 21:15:00,0.177597,0.46351695,0.530287
2019-05-30 21:30:00,0.408474,0.7154963,0.5133867
2019-05-30 21:45:00,0.586071,1.0991693,0.9428725
2019-05-30 22:00:00,0.781428,1.374747,1.2411001
2019-05-30 22:15:00,1.172142,1.7600566,1.5437362
2019-05-30 22:30:00,1.811493,2.4227533,2.2828236
2019-05-30 22:45:00,2.770518,3.371643,2.1571796
2019-05-30 23:00:00,3.853862,4.12723,2.9981372
2019-05-30 23:15:00,5.043764,4.6383696,3.458609
2019-05-30 23:30:00,6.233666,5.586334,3.955864
2019-05-30 23:45:00,7.388049,7.0997124,5.2917223
2019-05-31 00:00:00,8.489152,8.563697,6.1748
2019-05-31 00:15:00,9.643535,9.239347,6.7869797
2019-05-31 00:30:00,10.65584,9.905689,7.348485
2019-05-31 00:45:00,11.65038,12.10203,7.378298
2019-05-31 01:00:00,12.50285,12.486983,7.9524956
2019-05-31 01:15:00,13.42636,13.286953,8.382448
2019-05-31 01:30:00,13.94139,13.673737,8.982868
2019-05-31 01:45:00,14.63402,14.366862,9.668651
2019-05-31 02:00:00,15.16681,14.702229,11.530244
2019-05-31 02:15:00,15.89496,15.717564,13.407961
2019-05-31 02:30:00,16.21464,15.430616,11.873577
2019-05-31 02:45:00,16.498791,15.983692,14.122777
2019-05-31 03:00:00,16.996071,16.229454,14.849297
2019-05-31 03:15:00,17.262461,16.30726,14.427317
2019-05-31 03:30:00,17.4223,16.318533,14.420734
2019-05-31 03:45:00,17.475579999999997,16.325392,14.292033
2019-05-31 04:00:00,17.79525,16.033897,13.691549
2019-05-31 04:15:00,17.670931,15.569354,13.251101
2019-05-31 04:30:00,17.724210999999997,15.655827,14.058863
2019-05-31 04:45:00,17.564369,15.847042,14.506369
2019-05-31 05:00:00,17.120379999999997,15.333237,13.457938
2019-05-31 05:15:00,16.81847,15.29404,13.081592
2019-05-31 05:30:00,16.56983,14.993303,12.886507
2019-05-31 05:45:00,16.072559,14.887217,11.556183
2019-05-31 06:00:00,15.59305,14.82134,12.384435
2019-05-31 06:15:00,14.8649,14.31973,11.6854515
2019-05-31 06:30:00,14.38538,14.064199,11.480646
2019-05-31 06:45:00,13.46188,12.6684065,11.249272
2019-05-31 07:00:00,12.87581,11.658397,10.457743
2019-05-31 07:15:00,12.16542,11.099633,9.642854
2019-05-31 07:30:00,11.24191,10.589188,8.95119
2019-05-31 07:45:00,10.38944,9.178838,8.26421
2019-05-31 08:00:00,8.329314,8.449875,7.219135
2019-05-31 08:15:00,6.588861,7.6813974,6.6713147
2019-05-31 08:30:00,7.121653,6.9949565,6.0578637
2019-05-31 08:45:00,6.1981470000000005,5.727027,4.7073865
2019-05-31 09:00:00,4.226817,4.6486063,4.149873
2019-05-31 09:15:00,3.107953,4.0503945,3.3248107
2019-05-31 09:30:00,3.445388,3.3957095,3.193187
2019-05-31 09:45:00,1.5273370000000002,2.415722,2.761152
2019-05-31 10:00:00,1.7404540000000002,1.7441071,1.3440132
2019-05-31 10:15:00,1.207662,1.371517,1.1103001
2019-05-31 10:30:00,0.63935,1.0237582,0.8117564
2019-05-31 10:45:00,0.390714,0.67025375,0.57850647
2019-05-31 11:00:00,0.195357,0.5377183,0.37701368
2019-05-31 11:15:00,0.0,0.23893094,0.17782903
2019-05-31 11:30:00,0.0,0.22572422,0.17233706
2019-05-31 11:45:00,0.0,0.22572422,0.17222118
2019-05-31 12:00:00,0.0,0.22648859,0.17218637
2019-05-31 12:15:00,0.0,0.22648859,0.17124867
2019-05-31 12:30:00,0.0,0.2261684,0.17116547
2019-05-31 12:45:00,0.0,0.2261684,0.17116547
2019-05-31 13:00:00,0.0,0.22540426,0.17120957
2019-05-31 13:15:00,0.0,0.22540426,0.17120957
2019-05-31 13:30:00,0.0,0.22540426,0.17120957
2019-05-31 13:45:00,0.0,0.22540426,0.17120957
2019-05-31 14:00:00,0.0,0.2234304,0.17120957
2019-05-31 14:15:00,0.0,0.2234304,0.17120957
2019-05-31 14:30:00,0.0,0.2234304,0.17120957
2019-05-31 14:45:00,0.0,0.2234304,0.17120957
2019-05-31 15:00:00,0.0,0.2234304,0.17120957
2019-05-31 15:15:00,0.0,0.2234304,0.17120957
2019-05-31 15:30:00,0.0,0.2234304,0.17120957
2019-05-31 15:45:00,0.0,0.22601557,0.17120957
2019-05-31 16:00:00,0.0,0.2234304,0.17120957
2019-05-31 16:15:00,0.0,0.2234304,0.17120957
2019-05-31 16:30:00,0.0,0.2234304,0.17120957
2019-05-31 16:45:00,0.0,0.2234304,0.17120957
2019-05-31 17:00:00,0.0,0.2234304,0.17120957
2019-05-31 17:15:00,0.0,0.2234304,0.17120957
2019-05-31 17:30:00,0.0,0.2234304,0.17120957
2019-05-31 17:45:00,0.0,0.2234304,0.17120957
2019-05-31 18:00:00,0.0,0.2234304,0.17120957
2019-05-31 18:15:00,0.0,0.2234304,0.17120957
2019-05-31 18:30:00,0.0,0.2234304,0.17120957
2019-05-31 18:45:00,0.0,0.2234304,0.17120957
2019-05-31 19:00:00,0.0,0.2234304,0.17120957
2019-05-31 19:15:00,0.0,0.22363019,0.17120957
2019-05-31 19:30:00,0.0,0.22363019,0.17120957
2019-05-31 19:45:00,0.0,0.2234304,0.17120957
2019-05-31 20:00:00,0.0,0.22363019,0.17120957
2019-05-31 20:15:00,0.0,0.22363019,0.17120957
2019-05-31 20:30:00,0.0,0.22621512,0.17120957
2019-05-31 20:45:00,0.0,0.22387695,0.17120957
2019-05-31 21:00:00,0.0,0.24122095,0.17670178
2019-05-31 21:15:00,0.071039,0.2761519,0.32791162
2019-05-31 21:30:00,0.284156,0.37542367,0.5155263
2019-05-31 21:45:00,0.443993,0.3901999,0.58407354
2019-05-31 22:00:00,0.568312,0.8691404,0.98206997
2019-05-31 22:15:00,1.012305,0.9937887,1.229018
2019-05-31 22:30:00,1.420779,1.6442707,2.1817777
2019-05-31 22:45:00,1.775973,1.8244724,2.7969656
2019-05-31 23:00:00,2.148928,2.2465081,3.1720576
2019-05-31 23:15:00,1.669415,2.4848547,3.856741
2019-05-31 23:30:00,1.243181,2.8108146,4.5023313
2019-05-31 23:45:00,1.367499,3.0942602,5.5285263
