datetime,实际功率(MW),预测功率_无NWP(MW),预测功率_原始NWP(MW),预测功率_降尺度NWP(MW)
2019-02-22 00:00:00,2.00685,2.817333,2.310322,2.2969565
2019-02-22 00:15:00,2.148928,3.4118547,3.5692806,3.4344146
2019-02-22 00:30:00,2.8237970000000003,3.8687613,3.7853942,4.3122344
2019-02-22 00:45:00,3.800583,4.754786,6.0655746,6.4274063
2019-02-22 01:00:00,4.972725,6.0300474,6.500561,6.952282
2019-02-22 01:15:00,4.724089,7.0323744,6.9254236,7.14606
2019-02-22 01:30:00,5.416718,7.801673,8.229614,8.608172
2019-02-22 01:45:00,7.441327999999999,9.450762,9.14215,9.002673
2019-02-22 02:00:00,7.725484,10.96619,9.379495,9.294213
2019-02-22 02:15:00,8.471392999999999,11.242647,10.0606165,9.661926
2019-02-22 02:30:00,9.394898,11.040849,10.459098,9.945071
2019-02-22 02:45:00,9.838892,11.2054,10.367824,9.673283
2019-02-22 03:00:00,11.66814,12.106794,10.734247,10.557115
2019-02-22 03:15:00,11.8635,12.157015,11.2781105,10.984407
2019-02-22 03:30:00,13.1422,12.148486,11.148869,11.5306
2019-02-22 03:45:00,13.78155,12.316024,12.633857,12.73487
2019-02-22 04:00:00,13.42636,12.319132,11.678557,12.13012
2019-02-22 04:15:00,13.08892,12.252242,11.822741,11.074345
2019-02-22 04:30:00,12.36077,11.245343,10.320857,10.082616
2019-02-22 04:45:00,12.37853,12.319132,11.025218,10.87914
2019-02-22 05:00:00,11.7747,12.243236,9.89958,9.664738
2019-02-22 05:15:00,8.70227,11.949877,9.05085,8.813672
2019-02-22 05:30:00,7.032854,11.843017,9.631609,9.479078
2019-02-22 05:45:00,6.5533410000000005,11.095825,9.422247,8.912726
2019-02-22 06:00:00,6.056069,9.808963,9.120147,8.935775
2019-02-22 06:15:00,5.896230999999999,9.09439,6.922437,6.971475
2019-02-22 06:30:00,5.7896730000000005,9.376597,8.381944,7.888049
2019-02-22 06:45:00,5.452238,9.225344,7.502857,7.1277246
2019-02-22 07:00:00,4.475453,8.927235,7.1362553,6.5712743
2019-02-22 07:15:00,3.871622,8.582788,6.8571014,6.24584
2019-02-22 07:30:00,3.392109,7.5404663,6.527218,5.211682
2019-02-22 07:45:00,2.8237970000000003,6.0394506,4.744921,4.637709
2019-02-22 08:00:00,2.66396,5.262526,4.349259,3.9346225
2019-02-22 08:15:00,2.326525,3.9903035,3.1134336,3.01071
2019-02-22 08:30:00,1.847012,3.262313,2.4400501,2.3931255
2019-02-22 08:45:00,1.474058,2.9643934,2.0801153,2.1719427
2019-02-22 09:00:00,1.118863,2.5662951,1.4130657,1.3345377
2019-02-22 09:15:00,0.586071,0.9588649,0.75416327,0.7597513
2019-02-22 09:30:00,0.266396,0.4133339,0.3964672,0.32821608
2019-02-22 09:45:00,0.0177599999999999,0.105802774,0.24887443,0.23669577
2019-02-22 10:00:00,0.0,0.07348728,0.23120403,0.19327116
2019-02-22 10:15:00,0.0,0.07348728,0.23120403,0.19327116
2019-02-22 10:30:00,0.0,0.07348728,0.23120403,0.19327116
2019-02-22 10:45:00,0.0,0.07348728,0.23120403,0.19327116
2019-02-22 11:00:00,0.0,0.07348728,0.23120403,0.19327116
2019-02-22 11:15:00,0.0,0.07348728,0.23120403,0.19327116
2019-02-22 11:30:00,0.0,0.07348728,0.23120403,0.19327116
2019-02-22 11:45:00,0.0,0.07348728,0.23120403,0.19327116
2019-02-22 12:00:00,0.0,0.072907925,0.23120403,0.19327116
2019-02-22 12:15:00,0.0,0.072684765,0.23120403,0.19327116
2019-02-22 12:30:00,0.0,0.07110405,0.23120403,0.19327116
2019-02-22 12:45:00,0.0,0.07110405,0.23120403,0.19327116
2019-02-22 13:00:00,0.0,0.071112394,0.23120403,0.19327116
2019-02-22 13:15:00,0.0,0.071112394,0.23120403,0.19327116
2019-02-22 13:30:00,0.0,0.071112394,0.23120403,0.19327116
2019-02-22 13:45:00,0.0,0.071112394,0.23120403,0.19327116
2019-02-22 14:00:00,0.0,0.071112394,0.23120403,0.19327116
2019-02-22 14:15:00,0.0,0.071112394,0.23120403,0.19327116
2019-02-22 14:30:00,0.0,0.071112394,0.23120403,0.19327116
2019-02-22 14:45:00,0.0,0.071112394,0.23120403,0.19327116
2019-02-22 15:00:00,0.0,0.071112394,0.23120403,0.19327116
2019-02-22 15:15:00,0.0,0.071112394,0.23120403,0.19327116
2019-02-22 15:30:00,0.0,0.071112394,0.23120403,0.19327116
2019-02-22 15:45:00,0.0,0.071112394,0.23120403,0.19327116
2019-02-22 16:00:00,0.0,0.071112394,0.23120403,0.19327116
2019-02-22 16:15:00,0.0,0.071112394,0.23120403,0.19327116
2019-02-22 16:30:00,0.0,0.071112394,0.23120403,0.19327116
2019-02-22 16:45:00,0.0,0.071112394,0.23120403,0.19327116
2019-02-22 17:00:00,0.0,0.071112394,0.23120403,0.19327116
2019-02-22 17:15:00,0.0,0.071112394,0.23120403,0.19327116
2019-02-22 17:30:00,0.0,0.071112394,0.23120403,0.19327116
2019-02-22 17:45:00,0.0,0.071112394,0.23120403,0.19327116
2019-02-22 18:00:00,0.0,0.071112394,0.23120403,0.19327116
2019-02-22 18:15:00,0.0,0.071112394,0.23120403,0.19327116
2019-02-22 18:30:00,0.0,0.071112394,0.23120403,0.19327116
2019-02-22 18:45:00,0.0,0.071112394,0.23120403,0.19327116
2019-02-22 19:00:00,0.0,0.071112394,0.23120403,0.19327116
2019-02-22 19:15:00,0.0,0.071112394,0.23120403,0.19327116
2019-02-22 19:30:00,0.0,0.071112394,0.23120403,0.19327116
2019-02-22 19:45:00,0.0,0.071112394,0.23120403,0.19327116
2019-02-22 20:00:00,0.0,0.071112394,0.23120403,0.19327116
2019-02-22 20:15:00,0.0,0.071112394,0.23120403,0.19327116
2019-02-22 20:30:00,0.0,0.071112394,0.23120403,0.19327116
2019-02-22 20:45:00,0.0,0.071112394,0.23120403,0.19327116
2019-02-22 21:00:00,0.0,0.071112394,0.23120403,0.19327116
2019-02-22 21:15:00,0.0,0.071112394,0.23120403,0.19327116
2019-02-22 21:30:00,0.0,0.071112394,0.23120403,0.19327116
2019-02-22 21:45:00,0.0,0.071112394,0.23120403,0.19327116
2019-02-22 22:00:00,0.0,0.071112394,0.23120403,0.19327116
2019-02-22 22:15:00,0.0,0.071112394,0.23120403,0.19327116
2019-02-22 22:30:00,0.0,0.072353125,0.23120403,0.19496799
2019-02-22 22:45:00,0.0,0.072353125,0.23120403,0.19496799
2019-02-22 23:00:00,0.0,0.080150604,0.23384953,0.23331738
2019-02-22 23:15:00,0.355195,0.37728333,0.46121812,0.42895937
2019-02-22 23:30:00,1.207662,0.84332275,0.87974334,0.8061352
2019-02-22 23:45:00,2.379804,2.129396,1.9198592,1.7997403
2019-02-23 00:00:00,3.516427,3.315255,2.5703897,3.1133482
2019-02-23 00:15:00,4.741848,3.4287517,3.6667933,3.7535355
2019-02-23 00:30:00,6.002789,4.2812614,4.39746,5.1627464
2019-02-23 00:45:00,7.29925,4.6346073,5.582704,6.148233
2019-02-23 01:00:00,8.560191,6.8338623,6.6905737,6.9108124
2019-02-23 01:15:00,9.696815,7.769703,6.977264,7.585114
2019-02-23 01:30:00,10.83344,8.381758,8.537227,8.068138
2019-02-23 01:45:00,11.75694,9.346027,10.905352,10.965714
2019-02-23 02:00:00,12.57389,9.8852415,11.5704365,11.608329
2019-02-23 02:15:00,13.4086,10.162172,12.776589,12.887379
2019-02-23 02:30:00,14.012429999999998,10.347656,13.478838,13.714964
2019-02-23 02:45:00,14.52746,10.463251,13.637247,14.075826
2019-02-23 03:00:00,14.98921,11.05103,14.009769,14.039787
2019-02-23 03:15:00,15.48649,12.190986,14.3628025,14.320635
2019-02-23 03:30:00,15.89496,12.369031,14.583967,14.884212
2019-02-23 03:45:00,16.161360000000002,12.661439,14.665897,14.936616
2019-02-23 04:00:00,16.40999,12.661439,15.003774,15.212045
2019-02-23 04:15:00,16.374470000000002,12.661439,15.087856,15.145536
2019-02-23 04:30:00,16.35671,12.242514,14.848714,14.808669
2019-02-23 04:45:00,16.374470000000002,12.1932335,14.848714,15.082249
2019-02-23 05:00:00,16.21464,12.117337,14.735413,15.157661
2019-02-23 05:15:00,15.89496,10.459998,14.389977,14.57899
2019-02-23 05:30:00,15.41545,10.468671,13.831707,14.601473
2019-02-23 05:45:00,15.00697,10.159832,13.487121,13.933399
2019-02-23 06:00:00,14.5097,9.60964,13.180911,13.474371
2019-02-23 06:15:00,13.5862,9.172944,12.513663,12.23899
2019-02-23 06:30:00,12.82253,9.186556,11.962389,12.605278
2019-02-23 06:45:00,11.9523,9.006779,11.232692,11.538773
2019-02-23 07:00:00,11.02879,9.264336,10.314027,10.621199
2019-02-23 07:15:00,9.696815,8.955527,8.69526,9.250241
2019-02-23 07:30:00,8.64899,8.42298,7.9120035,8.165345
2019-02-23 07:45:00,7.352530000000001,7.2159977,6.765552,6.5445766
2019-02-23 08:00:00,6.162627,4.9741387,5.406603,5.6984253
2019-02-23 08:15:00,4.954966000000001,4.3873944,4.9112625,5.1368694
2019-02-23 08:30:00,3.853862,3.9953609,3.9676402,3.909495
2019-02-23 08:45:00,2.68172,3.608065,2.7226057,2.9485762
2019-02-23 09:00:00,1.616136,3.0321248,1.9277922,1.9930003
2019-02-23 09:15:00,0.8879870000000001,0.74596643,1.0073938,1.0317938
2019-02-23 09:30:00,0.355195,0.40913177,0.61818695,0.5798454
2019-02-23 09:45:00,0.071039,0.09140086,0.25920534,0.24560738
2019-02-23 10:00:00,0.0,0.07348728,0.23120403,0.19327116
2019-02-23 10:15:00,0.0,0.07348728,0.23120403,0.19327116
2019-02-23 10:30:00,0.0,0.07348728,0.23120403,0.19327116
2019-02-23 10:45:00,0.0,0.07348728,0.23120403,0.19327116
2019-02-23 11:00:00,0.0,0.07348728,0.23120403,0.19327116
2019-02-23 11:15:00,0.0,0.07348728,0.23120403,0.19327116
2019-02-23 11:30:00,0.0,0.07348728,0.23120403,0.19327116
2019-02-23 11:45:00,0.0,0.07348728,0.23120403,0.19327116
2019-02-23 12:00:00,0.0,0.072907925,0.23120403,0.19327116
2019-02-23 12:15:00,0.0,0.072684765,0.23120403,0.19327116
2019-02-23 12:30:00,0.0,0.07110405,0.23120403,0.19327116
2019-02-23 12:45:00,0.0,0.07110405,0.23120403,0.19327116
2019-02-23 13:00:00,0.0,0.071112394,0.23120403,0.19327116
2019-02-23 13:15:00,0.0,0.071112394,0.23120403,0.19327116
2019-02-23 13:30:00,0.0,0.071112394,0.23120403,0.19327116
2019-02-23 13:45:00,0.0,0.071112394,0.23120403,0.19327116
2019-02-23 14:00:00,0.0,0.071112394,0.23120403,0.19327116
2019-02-23 14:15:00,0.0,0.071112394,0.23120403,0.19327116
2019-02-23 14:30:00,0.0,0.071112394,0.23120403,0.19327116
2019-02-23 14:45:00,0.0,0.071112394,0.23120403,0.19327116
2019-02-23 15:00:00,0.0,0.071112394,0.23120403,0.19327116
2019-02-23 15:15:00,0.0,0.071112394,0.23120403,0.19327116
2019-02-23 15:30:00,0.0,0.071112394,0.23120403,0.19327116
2019-02-23 15:45:00,0.0,0.071112394,0.23120403,0.19327116
2019-02-23 16:00:00,0.0,0.071112394,0.23120403,0.19327116
2019-02-23 16:15:00,0.0,0.071112394,0.23120403,0.19327116
2019-02-23 16:30:00,0.0,0.071112394,0.23120403,0.19327116
2019-02-23 16:45:00,0.0,0.071112394,0.23120403,0.19327116
2019-02-23 17:00:00,0.0,0.071112394,0.23120403,0.19327116
2019-02-23 17:15:00,0.0,0.071112394,0.23120403,0.19327116
2019-02-23 17:30:00,0.0,0.071112394,0.23120403,0.19327116
2019-02-23 17:45:00,0.0,0.071112394,0.23120403,0.19327116
2019-02-23 18:00:00,0.0,0.071112394,0.23120403,0.19327116
2019-02-23 18:15:00,0.0,0.071112394,0.23120403,0.19327116
2019-02-23 18:30:00,0.0,0.071112394,0.23120403,0.19327116
2019-02-23 18:45:00,0.0,0.071112394,0.23120403,0.19327116
2019-02-23 19:00:00,0.0,0.071112394,0.23120403,0.19327116
2019-02-23 19:15:00,0.0,0.071112394,0.23120403,0.19327116
2019-02-23 19:30:00,0.0,0.071112394,0.23120403,0.19327116
2019-02-23 19:45:00,0.0,0.071112394,0.23120403,0.19327116
2019-02-23 20:00:00,0.0,0.071112394,0.23120403,0.19327116
2019-02-23 20:15:00,0.0,0.071112394,0.23120403,0.19327116
2019-02-23 20:30:00,0.0,0.071112394,0.23120403,0.19327116
2019-02-23 20:45:00,0.0,0.071112394,0.23120403,0.19327116
2019-02-23 21:00:00,0.0,0.071112394,0.23120403,0.19327116
2019-02-23 21:15:00,0.0,0.071112394,0.23120403,0.19327116
2019-02-23 21:30:00,0.0,0.071112394,0.23120403,0.19327116
2019-02-23 21:45:00,0.0,0.071112394,0.23120403,0.19327116
2019-02-23 22:00:00,0.0,0.071112394,0.23120403,0.19327116
2019-02-23 22:15:00,0.0,0.071112394,0.23120403,0.19327116
2019-02-23 22:30:00,0.0,0.072353125,0.23120403,0.19496799
2019-02-23 22:45:00,0.0,0.072353125,0.23120403,0.19496799
2019-02-23 23:00:00,0.071039,0.080150604,0.25152016,0.2415173
2019-02-23 23:15:00,0.230877,0.4486704,0.53028536,0.4492476
2019-02-23 23:30:00,0.63935,1.0722752,0.9412577,0.94127536
2019-02-23 23:45:00,1.864772,2.2171059,2.1715856,2.2111557
2019-02-24 00:00:00,2.841557,3.32909,3.0683022,3.2346046
2019-02-24 00:15:00,3.800583,3.5186493,3.7232118,4.0228066
2019-02-24 00:30:00,4.795128,4.3787413,4.766912,4.9325447
2019-02-24 00:45:00,5.96727,4.9459257,5.0127373,5.2207937
2019-02-24 01:00:00,6.766458,5.956828,6.296707,6.23279
2019-02-24 01:15:00,7.707724000000001,7.26219,7.1579328,7.2225533
2019-02-24 01:30:00,8.808827,7.750984,7.983057,7.7026844
2019-02-24 01:45:00,9.980969,9.115801,9.198074,8.837302
2019-02-24 02:00:00,10.92224,9.747003,10.454771,10.860584
2019-02-24 02:15:00,11.65038,9.879497,11.206994,11.622273
2019-02-24 02:30:00,12.52061,10.022871,11.55801,12.073133
2019-02-24 02:45:00,13.42636,10.897727,12.540487,12.743592
2019-02-24 03:00:00,13.550679999999998,11.063356,12.836225,13.031712
2019-02-24 03:15:00,13.15996,11.762634,13.2924,13.98692
2019-02-24 03:30:00,12.66269,11.654981,13.438593,14.161357
2019-02-24 03:45:00,11.89902,11.622121,14.050704,14.410198
2019-02-24 04:00:00,13.39084,11.54033,14.368446,14.806711
2019-02-24 04:15:00,13.60396,11.54033,14.304639,14.833792
2019-02-24 04:30:00,12.87581,11.561983,14.160874,14.7035055
2019-02-24 04:45:00,12.37853,11.559161,14.083636,14.666156
2019-02-24 05:00:00,11.43727,11.559161,14.087693,14.648554
2019-02-24 05:15:00,10.51376,11.279887,13.910133,14.544402
2019-02-24 05:30:00,10.28289,11.502549,14.0856695,14.400854
2019-02-24 05:45:00,6.535582,10.760621,13.629281,13.531968
2019-02-24 06:00:00,5.185842,9.7150345,13.07787,13.050478
2019-02-24 06:15:00,7.636685000000001,9.059557,12.746741,12.513641
2019-02-24 06:30:00,11.70366,9.119079,11.151135,11.906135
2019-02-24 06:45:00,8.897625999999999,8.813333,10.605921,11.0524235
2019-02-24 07:00:00,4.439933,8.308756,10.333514,10.784531
2019-02-24 07:15:00,3.942661,7.0012064,8.877232,9.239908
2019-02-24 07:30:00,4.031459,6.376199,8.029754,8.19881
2019-02-24 07:45:00,3.551947,5.4762354,6.8775053,6.8868876
2019-02-24 08:00:00,2.806038,4.2640185,5.9031944,6.1242847
2019-02-24 08:15:00,2.131168,3.4200864,5.101021,5.365869
2019-02-24 08:30:00,1.918051,3.3346434,3.9407449,4.0518103
2019-02-24 08:45:00,1.509577,2.8132598,2.738981,2.667674
2019-02-24 09:00:00,0.976785,2.1993313,1.7403399,1.5953164
2019-02-24 09:15:00,0.745909,0.90380764,1.0640526,1.1086516
2019-02-24 09:30:00,0.248636,0.36887527,0.66826606,0.6225889
2019-02-24 09:45:00,0.0177599999999999,0.19125295,0.27628326,0.37060237
2019-02-24 10:00:00,0.0,0.07348728,0.23120403,0.19327116
2019-02-24 10:15:00,0.0,0.07348728,0.23120403,0.19327116
2019-02-24 10:30:00,0.0,0.07348728,0.23120403,0.19327116
2019-02-24 10:45:00,0.0,0.07348728,0.23120403,0.19327116
2019-02-24 11:00:00,0.0,0.07348728,0.23120403,0.19327116
2019-02-24 11:15:00,0.0,0.07348728,0.23120403,0.19327116
2019-02-24 11:30:00,0.0,0.07348728,0.23120403,0.19327116
2019-02-24 11:45:00,0.0,0.07348728,0.23120403,0.19327116
2019-02-24 12:00:00,0.0,0.072907925,0.23120403,0.19327116
2019-02-24 12:15:00,0.0,0.072684765,0.23120403,0.19327116
2019-02-24 12:30:00,0.0,0.07110405,0.23120403,0.19327116
2019-02-24 12:45:00,0.0,0.07110405,0.23120403,0.19327116
2019-02-24 13:00:00,0.0,0.071112394,0.23120403,0.19327116
2019-02-24 13:15:00,0.0,0.071112394,0.23120403,0.19327116
2019-02-24 13:30:00,0.0,0.071112394,0.23120403,0.19327116
2019-02-24 13:45:00,0.0,0.071112394,0.23120403,0.19327116
2019-02-24 14:00:00,0.0,0.071112394,0.23120403,0.19327116
2019-02-24 14:15:00,0.0,0.071112394,0.23120403,0.19327116
2019-02-24 14:30:00,0.0,0.071112394,0.23120403,0.19327116
2019-02-24 14:45:00,0.0,0.071112394,0.23120403,0.19327116
2019-02-24 15:00:00,0.0,0.071112394,0.23120403,0.19327116
2019-02-24 15:15:00,0.0,0.071112394,0.23120403,0.19327116
2019-02-24 15:30:00,0.0,0.071112394,0.23120403,0.19327116
2019-02-24 15:45:00,0.0,0.071112394,0.23120403,0.19327116
2019-02-24 16:00:00,0.0,0.071112394,0.23120403,0.19327116
2019-02-24 16:15:00,0.0,0.071112394,0.23120403,0.19327116
2019-02-24 16:30:00,0.0,0.071112394,0.23120403,0.19327116
2019-02-24 16:45:00,0.0,0.071112394,0.23120403,0.19327116
2019-02-24 17:00:00,0.0,0.071112394,0.23120403,0.19327116
2019-02-24 17:15:00,0.0,0.071112394,0.23120403,0.19327116
2019-02-24 17:30:00,0.0,0.071112394,0.23120403,0.19327116
2019-02-24 17:45:00,0.0,0.071112394,0.23120403,0.19327116
2019-02-24 18:00:00,0.0,0.071112394,0.23120403,0.19327116
2019-02-24 18:15:00,0.0,0.071112394,0.23120403,0.19327116
2019-02-24 18:30:00,0.0,0.071112394,0.23120403,0.19327116
2019-02-24 18:45:00,0.0,0.071112394,0.23120403,0.19327116
2019-02-24 19:00:00,0.0,0.071112394,0.23120403,0.19327116
2019-02-24 19:15:00,0.0,0.071112394,0.23120403,0.19327116
2019-02-24 19:30:00,0.0,0.071112394,0.23120403,0.19327116
2019-02-24 19:45:00,0.0,0.071112394,0.23120403,0.19327116
2019-02-24 20:00:00,0.0,0.071112394,0.23120403,0.19327116
2019-02-24 20:15:00,0.0,0.071112394,0.23120403,0.19327116
2019-02-24 20:30:00,0.0,0.071112394,0.23120403,0.19327116
2019-02-24 20:45:00,0.0,0.071112394,0.23120403,0.19327116
2019-02-24 21:00:00,0.0,0.071112394,0.23120403,0.19327116
2019-02-24 21:15:00,0.0,0.071112394,0.23120403,0.19327116
2019-02-24 21:30:00,0.0,0.071112394,0.23120403,0.19327116
2019-02-24 21:45:00,0.0,0.071112394,0.23120403,0.19327116
2019-02-24 22:00:00,0.0,0.071112394,0.23120403,0.19327116
2019-02-24 22:15:00,0.0,0.071112394,0.23120403,0.19327116
2019-02-24 22:30:00,0.0,0.072353125,0.23120403,0.19496799
2019-02-24 22:45:00,0.0,0.072353125,0.23120403,0.19496799
2019-02-24 23:00:00,0.0,0.19808125,0.2580042,0.2544086
2019-02-24 23:15:00,0.497272,0.31389165,0.4511392,0.42895937
2019-02-24 23:30:00,1.065584,1.0138605,0.8819864,0.8530462
2019-02-24 23:45:00,0.994545,1.8137994,1.8505474,1.8549658
2019-02-25 00:00:00,1.633895,1.7347097,1.996509,2.0111518
2019-02-25 00:15:00,2.734999,2.4610028,3.48034,3.2961833
2019-02-25 00:30:00,3.96042,2.7542543,4.027158,4.359571
2019-02-25 00:45:00,3.534187,3.8144615,5.5777173,5.864148
2019-02-25 01:00:00,4.972725,4.280105,5.893776,6.220797
2019-02-25 01:15:00,6.340225,4.869069,6.3710976,6.6631694
2019-02-25 01:30:00,8.489152,5.323815,7.5510406,8.170912
2019-02-25 01:45:00,8.364834,6.013772,8.221256,8.85536
2019-02-25 02:00:00,11.04655,6.8129115,8.829061,9.664725
2019-02-25 02:15:00,10.03425,7.566394,11.078888,11.238904
2019-02-25 02:30:00,11.20639,8.700346,11.69198,12.200109
2019-02-25 02:45:00,12.44957,9.278405,11.952776,12.4086275
2019-02-25 03:00:00,13.92363,9.694693,12.588723,13.009617
2019-02-25 03:15:00,12.89357,10.11587,13.238453,13.409113
2019-02-25 03:30:00,14.17227,9.685816,13.238453,13.522805
2019-02-25 03:45:00,11.79246,9.658191,13.389155,13.737013
2019-02-25 04:00:00,13.99467,9.752429,13.351775,13.675313
2019-02-25 04:15:00,15.75288,9.752429,13.635722,13.8063965
2019-02-25 04:30:00,13.99467,9.790396,13.977402,14.132916
2019-02-25 04:45:00,13.76379,9.658191,14.054895,14.466619
2019-02-25 05:00:00,14.84714,9.288722,13.724197,14.31125
2019-02-25 05:15:00,15.202329999999998,8.690306,12.85301,14.1406765
2019-02-25 05:30:00,14.11899,8.753991,12.661886,13.430794
2019-02-25 05:45:00,13.87035,8.55798,12.819572,13.310937
2019-02-25 06:00:00,13.1422,8.365453,12.800023,13.072565
2019-02-25 06:15:00,12.16542,8.382277,12.402754,12.86254
2019-02-25 06:30:00,11.22415,8.865384,12.325966,12.824595
2019-02-25 06:45:00,10.10529,7.8412447,11.343328,11.801783
2019-02-25 07:00:00,9.128503,7.514353,10.7860365,11.02489
2019-02-25 07:15:00,8.027399,7.140602,9.419712,9.610486
2019-02-25 07:30:00,6.144867,6.543828,8.61443,8.862461
2019-02-25 07:45:00,5.825192,4.9194055,7.049911,7.3361316
2019-02-25 08:00:00,4.883926,3.6494448,5.985737,6.289606
2019-02-25 08:15:00,3.907141,2.8258803,5.4997144,5.4236836
2019-02-25 08:30:00,2.983635,2.3482225,3.8704402,3.884147
2019-02-25 08:45:00,2.202207,1.6735556,2.6592226,2.5773802
2019-02-25 09:00:00,1.474058,1.0949953,1.8824629,1.5996082
2019-02-25 09:15:00,0.816948,0.7774255,1.0099552,1.0085306
2019-02-25 09:30:00,0.337435,0.31059432,0.63023496,0.59072995
2019-02-25 09:45:00,0.0177599999999999,0.11605263,0.2802763,0.24560738
2019-02-25 10:00:00,0.0,0.07236457,0.23120403,0.19327116
2019-02-25 10:15:00,0.0,0.07236457,0.23120403,0.19327116
2019-02-25 10:30:00,0.0,0.07236457,0.23120403,0.19327116
2019-02-25 10:45:00,0.0,0.07236457,0.23120403,0.19327116
2019-02-25 11:00:00,0.0,0.07236457,0.23120403,0.19327116
2019-02-25 11:15:00,0.0,0.07236457,0.23120403,0.19327116
2019-02-25 11:30:00,0.0,0.07236457,0.23120403,0.19327116
2019-02-25 11:45:00,0.0,0.07236457,0.23120403,0.19327116
2019-02-25 12:00:00,0.0,0.07178521,0.23120403,0.19327116
2019-02-25 12:15:00,0.0,0.07156229,0.23120403,0.19327116
2019-02-25 12:30:00,0.0,0.06998134,0.23120403,0.19327116
2019-02-25 12:45:00,0.0,0.06998134,0.23120403,0.19327116
2019-02-25 13:00:00,0.0,0.06998968,0.23120403,0.19327116
2019-02-25 13:15:00,0.0,0.06998968,0.23120403,0.19327116
2019-02-25 13:30:00,0.0,0.06998968,0.23120403,0.19327116
2019-02-25 13:45:00,0.0,0.06998968,0.23120403,0.19327116
2019-02-25 14:00:00,0.0,0.06998968,0.23120403,0.19327116
2019-02-25 14:15:00,0.0,0.06998968,0.23120403,0.19327116
2019-02-25 14:30:00,0.0,0.06998968,0.23120403,0.19327116
2019-02-25 14:45:00,0.0,0.06998968,0.23120403,0.19327116
2019-02-25 15:00:00,0.0,0.06998968,0.23120403,0.19327116
2019-02-25 15:15:00,0.0,0.06998968,0.23120403,0.19327116
2019-02-25 15:30:00,0.0,0.06998968,0.23120403,0.19327116
2019-02-25 15:45:00,0.0,0.06998968,0.23120403,0.19327116
2019-02-25 16:00:00,0.0,0.06998968,0.23120403,0.19327116
2019-02-25 16:15:00,0.0,0.06998968,0.23120403,0.19327116
2019-02-25 16:30:00,0.0,0.06998968,0.23120403,0.19327116
2019-02-25 16:45:00,0.0,0.06998968,0.23120403,0.19327116
2019-02-25 17:00:00,0.0,0.06998968,0.23120403,0.19327116
2019-02-25 17:15:00,0.0,0.06998968,0.23120403,0.19327116
2019-02-25 17:30:00,0.0,0.06998968,0.23120403,0.19327116
2019-02-25 17:45:00,0.0,0.06998968,0.23120403,0.19327116
2019-02-25 18:00:00,0.0,0.06998968,0.23120403,0.19327116
2019-02-25 18:15:00,0.0,0.06998968,0.23120403,0.19327116
2019-02-25 18:30:00,0.0,0.06998968,0.23120403,0.19327116
2019-02-25 18:45:00,0.0,0.06998968,0.23120403,0.19327116
2019-02-25 19:00:00,0.0,0.06998968,0.23120403,0.19327116
2019-02-25 19:15:00,0.0,0.06998968,0.23120403,0.19327116
2019-02-25 19:30:00,0.0,0.06998968,0.23120403,0.19327116
2019-02-25 19:45:00,0.0,0.06998968,0.23120403,0.19327116
2019-02-25 20:00:00,0.0,0.06998968,0.23120403,0.19327116
2019-02-25 20:15:00,0.0,0.06998968,0.23120403,0.19327116
2019-02-25 20:30:00,0.0,0.06998968,0.23120403,0.19327116
2019-02-25 20:45:00,0.0,0.06998968,0.23120403,0.19327116
2019-02-25 21:00:00,0.0,0.06998968,0.23120403,0.19327116
2019-02-25 21:15:00,0.0,0.06998968,0.23120403,0.19327116
2019-02-25 21:30:00,0.0,0.06998968,0.23120403,0.19327116
2019-02-25 21:45:00,0.0,0.06998968,0.23120403,0.19327116
2019-02-25 22:00:00,0.0,0.06998968,0.23120403,0.19327116
2019-02-25 22:15:00,0.0,0.06998968,0.23120403,0.19327116
2019-02-25 22:30:00,0.0,0.07123041,0.23120403,0.19496799
2019-02-25 22:45:00,0.0,0.07123041,0.23120403,0.19496799
2019-02-25 23:00:00,0.0,0.105894566,0.26199722,0.25791836
2019-02-25 23:15:00,0.088799,0.42828298,0.44635463,0.34979916
2019-02-25 23:30:00,0.408474,0.8097744,0.78676486,0.7263808
2019-02-25 23:45:00,0.781428,1.2196462,0.99378395,1.0370698
2019-02-26 00:00:00,1.1011030000000002,1.3076661,1.3547847,1.2502816
2019-02-26 00:15:00,1.420779,1.8321421,2.1365738,1.9411994
2019-02-26 00:30:00,1.829252,2.3198662,2.66577,2.699899
2019-02-26 00:45:00,1.935811,2.7800279,3.5482333,3.648597
2019-02-26 01:00:00,2.699479,3.1751006,3.693019,4.1490197
2019-02-26 01:15:00,3.782823000000001,3.8559184,4.5482235,4.5750847
2019-02-26 01:30:00,5.079284,4.557718,5.1538324,5.131824
2019-02-26 01:45:00,4.599771,4.718808,6.143009,6.3795233
2019-02-26 02:00:00,5.221362,6.1984925,7.121415,7.60435
2019-02-26 02:15:00,4.937206,5.8592405,7.325738,7.888015
2019-02-26 02:30:00,5.913991,7.1931887,7.3200064,8.134858
2019-02-26 02:45:00,6.393504,7.9752417,7.6766233,8.226587
2019-02-26 03:00:00,7.494607000000001,9.174734,7.930188,8.35408
2019-02-26 03:15:00,9.661295,8.945148,7.874485,8.406502
2019-02-26 03:30:00,6.837497,9.3435335,8.176261,8.643925
2019-02-26 03:45:00,9.039704,9.110901,8.289659,8.818644
2019-02-26 04:00:00,8.70227,9.794649,8.779467,9.095108
2019-02-26 04:15:00,6.9973350000000005,10.059302,9.604507,9.750565
2019-02-26 04:30:00,4.848407,9.794649,9.191931,9.749375
2019-02-26 04:45:00,5.256881,9.399496,9.215901,9.73447
2019-02-26 05:00:00,4.812888,9.951387,9.207918,9.745756
2019-02-26 05:15:00,5.061524,9.755753,8.660205,8.774549
2019-02-26 05:30:00,5.132562999999999,9.548576,8.219532,8.539638
2019-02-26 05:45:00,4.759608,9.543665,7.7631073,7.6970434
2019-02-26 06:00:00,3.871622,9.155057,6.837306,6.5647645
2019-02-26 06:15:00,3.978180000000001,8.919721,6.5628543,5.931099
2019-02-26 06:30:00,3.551947,7.732214,4.4025655,5.0035167
2019-02-26 06:45:00,3.33883,6.100089,4.189506,4.5203533
2019-02-26 07:00:00,2.8237970000000003,5.5550017,4.044683,3.8644567
2019-02-26 07:15:00,2.415324,4.2253203,3.5037305,3.5680702
2019-02-26 07:30:00,2.077889,3.9049633,3.1881661,3.2067606
2019-02-26 07:45:00,1.669415,3.7626228,2.9743745,2.9443161
2019-02-26 08:00:00,1.403019,3.0397668,2.403606,2.404272
2019-02-26 08:15:00,1.225422,2.7211058,2.100937,1.9337059
2019-02-26 08:30:00,0.941266,2.3979626,1.6883196,1.6494942
2019-02-26 08:45:00,0.816948,1.8331587,1.3410108,1.2427061
2019-02-26 09:00:00,0.6571100000000001,1.1344469,0.9525647,0.880481
2019-02-26 09:15:00,0.426234,0.7876487,0.6212745,0.5727844
2019-02-26 09:30:00,0.177597,0.3578484,0.4056766,0.3183732
2019-02-26 09:45:00,0.0177599999999999,0.09027815,0.25016522,0.20579743
2019-02-26 10:00:00,0.0,0.07236457,0.23120403,0.19327116
2019-02-26 10:15:00,0.0,0.07236457,0.23120403,0.19327116
2019-02-26 10:30:00,0.0,0.07236457,0.23120403,0.19327116
2019-02-26 10:45:00,0.0,0.07236457,0.23120403,0.19327116
2019-02-26 11:00:00,0.0,0.07236457,0.23120403,0.19327116
2019-02-26 11:15:00,0.0,0.07236457,0.23120403,0.19327116
2019-02-26 11:30:00,0.0,0.07236457,0.23120403,0.19327116
2019-02-26 11:45:00,0.0,0.07236457,0.23120403,0.19327116
2019-02-26 12:00:00,0.0,0.07178521,0.23120403,0.19327116
2019-02-26 12:15:00,0.0,0.07156229,0.23120403,0.19327116
2019-02-26 12:30:00,0.0,0.06998134,0.23120403,0.19327116
2019-02-26 12:45:00,0.0,0.06998134,0.23120403,0.19327116
2019-02-26 13:00:00,0.0,0.06998968,0.23120403,0.19327116
2019-02-26 13:15:00,0.0,0.06998968,0.23120403,0.19327116
2019-02-26 13:30:00,0.0,0.06998968,0.23120403,0.19327116
2019-02-26 13:45:00,0.0,0.06998968,0.23120403,0.19327116
2019-02-26 14:00:00,0.0,0.06998968,0.23120403,0.19327116
2019-02-26 14:15:00,0.0,0.06998968,0.23120403,0.19327116
2019-02-26 14:30:00,0.0,0.06998968,0.23120403,0.19327116
2019-02-26 14:45:00,0.0,0.06998968,0.23120403,0.19327116
2019-02-26 15:00:00,0.0,0.06998968,0.23120403,0.19327116
2019-02-26 15:15:00,0.0,0.06998968,0.23120403,0.19327116
2019-02-26 15:30:00,0.0,0.06998968,0.23120403,0.19327116
2019-02-26 15:45:00,0.0,0.06998968,0.23120403,0.19327116
2019-02-26 16:00:00,0.0,0.06998968,0.23120403,0.19327116
2019-02-26 16:15:00,0.0,0.06998968,0.23120403,0.19327116
2019-02-26 16:30:00,0.0,0.06998968,0.23120403,0.19327116
2019-02-26 16:45:00,0.0,0.06998968,0.23120403,0.19327116
2019-02-26 17:00:00,0.0,0.06998968,0.23120403,0.19327116
2019-02-26 17:15:00,0.0,0.06998968,0.23120403,0.19327116
2019-02-26 17:30:00,0.0,0.06998968,0.23120403,0.19327116
2019-02-26 17:45:00,0.0,0.06998968,0.23120403,0.19327116
2019-02-26 18:00:00,0.0,0.06998968,0.23120403,0.19327116
2019-02-26 18:15:00,0.0,0.06998968,0.23120403,0.19327116
2019-02-26 18:30:00,0.0,0.06998968,0.23120403,0.19327116
2019-02-26 18:45:00,0.0,0.06998968,0.23120403,0.19327116
2019-02-26 19:00:00,0.0,0.06998968,0.23120403,0.19327116
2019-02-26 19:15:00,0.0,0.06998968,0.23120403,0.19327116
2019-02-26 19:30:00,0.0,0.06998968,0.23120403,0.19327116
2019-02-26 19:45:00,0.0,0.06998968,0.23120403,0.19327116
2019-02-26 20:00:00,0.0,0.06998968,0.23120403,0.19327116
2019-02-26 20:15:00,0.0,0.06998968,0.23120403,0.19327116
2019-02-26 20:30:00,0.0,0.06998968,0.23120403,0.19327116
2019-02-26 20:45:00,0.0,0.06998968,0.23120403,0.19327116
2019-02-26 21:00:00,0.0,0.06998968,0.23120403,0.19327116
2019-02-26 21:15:00,0.0,0.06998968,0.23120403,0.19327116
2019-02-26 21:30:00,0.0,0.06998968,0.23120403,0.19327116
2019-02-26 21:45:00,0.0,0.06998968,0.23120403,0.19327116
2019-02-26 22:00:00,0.0,0.06998968,0.23120403,0.19327116
2019-02-26 22:15:00,0.0,0.06998968,0.23120403,0.19327116
2019-02-26 22:30:00,0.0,0.07123041,0.23120403,0.19496799
2019-02-26 22:45:00,0.0,0.07123041,0.23120403,0.19496799
2019-02-26 23:00:00,0.0,0.07902789,0.25152016,0.21043515
2019-02-26 23:15:00,0.124318,0.37851858,0.42043853,0.34442258
2019-02-26 23:30:00,0.6571100000000001,0.7331095,0.59816337,0.5520427
2019-02-26 23:45:00,1.1011030000000002,1.1352243,0.9137399,0.8185916
2019-02-27 00:00:00,0.745909,2.1469898,1.3096983,1.0836301
2019-02-27 00:15:00,0.8702270000000001,2.512735,1.661736,1.2953384
2019-02-27 00:30:00,1.5273370000000002,3.0960557,1.9592149,1.6117003
2019-02-27 00:45:00,2.131168,3.516413,2.044343,1.8319001
2019-02-27 01:00:00,2.02461,4.4645624,2.473704,2.2136369
2019-02-27 01:15:00,2.504122,5.1257877,3.0656202,3.238365
2019-02-27 01:30:00,3.445388,6.2551746,3.5012548,3.5647755
2019-02-27 01:45:00,3.729544,6.5342817,3.4645486,3.7010806
2019-02-27 02:00:00,2.948116,6.867017,3.502132,3.839505
2019-02-27 02:15:00,3.392109,7.2138476,4.3364553,4.8240347
2019-02-27 02:30:00,5.754153,7.74356,4.5837293,4.7746882
2019-02-27 02:45:00,6.429023,8.280113,6.1186447,6.222023
2019-02-27 03:00:00,7.015094,9.892726,6.442491,6.9801016
2019-02-27 03:15:00,8.027399,10.209637,6.7662144,7.1663117
2019-02-27 03:30:00,8.595711,10.234304,7.813674,7.7710495
2019-02-27 03:45:00,8.133958,10.318474,8.841167,8.896909
2019-02-27 04:00:00,7.317010000000001,10.124179,8.985173,9.052363
2019-02-27 04:15:00,6.908536,10.061463,7.96465,7.99611
2019-02-27 04:30:00,7.086133,10.216873,8.591635,8.655747
2019-02-27 04:45:00,5.612076,10.290405,8.484065,8.737505
2019-02-27 05:00:00,7.068374,10.824192,8.582987,8.629411
2019-02-27 05:15:00,8.204996000000001,11.014143,9.389053,9.353568
2019-02-27 05:30:00,6.056069,10.757742,9.70503,9.290957
2019-02-27 05:45:00,5.683115,10.296726,9.353628,9.090596
2019-02-27 06:00:00,7.29925,10.053267,8.089325,8.5615015
2019-02-27 06:15:00,7.920841,9.647885,7.8046436,8.890046
2019-02-27 06:30:00,7.601166,9.737056,7.877123,8.175228
2019-02-27 06:45:00,7.228211,9.377594,7.746066,8.204048
2019-02-27 07:00:00,6.091588,8.710476,7.2940435,7.3761573
2019-02-27 07:15:00,2.362045,7.8441496,6.760892,6.891637
2019-02-27 07:30:00,5.381199,6.6265855,6.766327,6.7722435
2019-02-27 07:45:00,2.344285,6.0617914,5.97861,6.6372013
2019-02-27 08:00:00,3.2855510000000003,5.023835,5.5768175,5.856717
2019-02-27 08:15:00,2.504122,4.229369,4.6588006,5.109624
2019-02-27 08:30:00,1.97133,3.646114,3.8522735,3.8814855
2019-02-27 08:45:00,1.438538,2.6447701,2.7272007,2.9025235
2019-02-27 09:00:00,0.923506,1.8437859,1.9376917,1.920812
2019-02-27 09:15:00,0.550552,0.9601431,1.1244154,1.1348743
2019-02-27 09:30:00,0.230877,0.4019432,0.671535,0.6384957
2019-02-27 09:45:00,0.0,0.07504153,0.38610625,0.37556434
2019-02-27 10:00:00,0.0,0.07236457,0.23120403,0.23661184
2019-02-27 10:15:00,0.0,0.07236457,0.23120403,0.19327116
2019-02-27 10:30:00,0.0,0.07236457,0.23120403,0.19327116
2019-02-27 10:45:00,0.0,0.07236457,0.23120403,0.19327116
2019-02-27 11:00:00,0.0,0.07236457,0.23120403,0.19327116
2019-02-27 11:15:00,0.0,0.07236457,0.23120403,0.19327116
2019-02-27 11:30:00,0.0,0.07236457,0.23120403,0.19327116
2019-02-27 11:45:00,0.0,0.07236457,0.23120403,0.19327116
2019-02-27 12:00:00,0.0,0.07178521,0.23120403,0.19327116
2019-02-27 12:15:00,0.0,0.07156229,0.23120403,0.19327116
2019-02-27 12:30:00,0.0,0.06998134,0.23120403,0.19327116
2019-02-27 12:45:00,0.0,0.06998134,0.23120403,0.19327116
2019-02-27 13:00:00,0.0,0.06998968,0.23120403,0.19327116
2019-02-27 13:15:00,0.0,0.06998968,0.23120403,0.19327116
2019-02-27 13:30:00,0.0,0.06998968,0.23120403,0.19327116
2019-02-27 13:45:00,0.0,0.06998968,0.23120403,0.19327116
2019-02-27 14:00:00,0.0,0.06998968,0.23120403,0.19327116
2019-02-27 14:15:00,0.0,0.06998968,0.23120403,0.19327116
2019-02-27 14:30:00,0.0,0.06998968,0.23120403,0.19327116
2019-02-27 14:45:00,0.0,0.06998968,0.23120403,0.19327116
2019-02-27 15:00:00,0.0,0.06998968,0.23120403,0.19327116
2019-02-27 15:15:00,0.0,0.06998968,0.23120403,0.19327116
2019-02-27 15:30:00,0.0,0.06998968,0.23120403,0.19327116
2019-02-27 15:45:00,0.0,0.06998968,0.23120403,0.19327116
2019-02-27 16:00:00,0.0,0.06998968,0.23120403,0.19327116
2019-02-27 16:15:00,0.0,0.06998968,0.23120403,0.19327116
2019-02-27 16:30:00,0.0,0.06998968,0.23120403,0.19327116
2019-02-27 16:45:00,0.0,0.06998968,0.23120403,0.19327116
2019-02-27 17:00:00,0.0,0.06998968,0.23120403,0.19327116
2019-02-27 17:15:00,0.0,0.06998968,0.23120403,0.19327116
2019-02-27 17:30:00,0.0,0.06998968,0.23120403,0.19327116
2019-02-27 17:45:00,0.0,0.06998968,0.23120403,0.19327116
2019-02-27 18:00:00,0.0,0.06998968,0.23120403,0.19327116
2019-02-27 18:15:00,0.0,0.06998968,0.23120403,0.19327116
2019-02-27 18:30:00,0.0,0.06998968,0.23120403,0.19327116
2019-02-27 18:45:00,0.0,0.06998968,0.23120403,0.19327116
2019-02-27 19:00:00,0.0,0.06998968,0.23120403,0.19327116
2019-02-27 19:15:00,0.0,0.06998968,0.23120403,0.19327116
2019-02-27 19:30:00,0.0,0.06998968,0.23120403,0.19327116
2019-02-27 19:45:00,0.0,0.06998968,0.23120403,0.19327116
2019-02-27 20:00:00,0.0,0.06998968,0.23120403,0.19327116
2019-02-27 20:15:00,0.0,0.06998968,0.23120403,0.19327116
2019-02-27 20:30:00,0.0,0.06998968,0.23120403,0.19327116
2019-02-27 20:45:00,0.0,0.06998968,0.23120403,0.19327116
2019-02-27 21:00:00,0.0,0.06998968,0.23120403,0.19327116
2019-02-27 21:15:00,0.0,0.06998968,0.23120403,0.19327116
2019-02-27 21:30:00,0.0,0.06998968,0.23120403,0.19327116
2019-02-27 21:45:00,0.0,0.06998968,0.23120403,0.19327116
2019-02-27 22:00:00,0.0,0.06998968,0.23120403,0.19327116
2019-02-27 22:15:00,0.0,0.06998968,0.23120403,0.19327116
2019-02-27 22:30:00,0.0,0.07123041,0.23120403,0.19496799
2019-02-27 22:45:00,0.0,0.07123041,0.23120403,0.19496799
2019-02-27 23:00:00,0.1065579999999999,0.07902789,0.26229596,0.25457144
2019-02-27 23:15:00,0.568312,0.31967402,0.5708759,0.48346758
2019-02-27 23:30:00,1.083344,0.87385535,0.8296857,0.8075876
2019-02-27 23:45:00,1.704934,1.5894496,1.7722714,1.6733782
2019-02-28 00:00:00,2.504122,4.336687,2.325482,2.29181
2019-02-28 00:15:00,3.853862,4.7628756,3.367115,3.105324
2019-02-28 00:30:00,4.422174,5.6772966,4.4956794,4.6509857
2019-02-28 00:45:00,4.138018,6.4038935,4.830254,5.5930243
2019-02-28 01:00:00,3.0546740000000003,7.095685,5.364114,6.309572
2019-02-28 01:15:00,6.979575,8.445999,5.8539,6.845276
2019-02-28 01:30:00,8.400352999999999,8.9109,7.308744,8.077756
2019-02-28 01:45:00,9.501457,10.020334,8.799005,9.498098
2019-02-28 02:00:00,10.51376,11.61172,9.014459,9.880679
2019-02-28 02:15:00,11.33071,11.887074,9.949395,10.4004
2019-02-28 02:30:00,11.97006,11.904831,10.495592,10.881292
2019-02-28 02:45:00,12.85805,11.935984,11.651625,11.962071
2019-02-28 03:00:00,13.60396,12.529206,12.20498,12.491021
2019-02-28 03:15:00,13.88811,12.428776,12.561564,12.825257
2019-02-28 03:30:00,14.17227,12.502857,12.771968,13.180998
2019-02-28 03:45:00,14.24331,12.577743,12.858893,13.288751
2019-02-28 04:00:00,14.38538,12.699264,12.988659,13.507757
2019-02-28 04:15:00,15.18457,12.815517,13.029172,13.473832
2019-02-28 04:30:00,14.20779,12.605396,13.128407,13.649461
2019-02-28 04:45:00,14.45642,12.886466,13.129416,13.882495
2019-02-28 05:00:00,14.261070000000002,12.731162,13.008675,13.822406
2019-02-28 05:15:00,13.85259,12.262435,12.939922,13.49867
2019-02-28 05:30:00,13.35532,12.212611,12.8188505,13.327844
2019-02-28 05:45:00,13.1422,11.473988,12.373621,12.947861
2019-02-28 06:00:00,12.02334,11.164035,12.16115,12.16408
2019-02-28 06:15:00,11.57935,10.240455,11.75618,11.928767
2019-02-28 06:30:00,10.63808,9.713377,11.266051,11.787339
2019-02-28 06:45:00,9.838892,9.189613,10.4806185,10.922766
2019-02-28 07:00:00,9.021944,8.31732,9.742571,9.882552
2019-02-28 07:15:00,7.920841,7.2061806,8.702096,9.38197
2019-02-28 07:30:00,6.695419,6.9669003,7.0390196,7.257756
2019-02-28 07:45:00,5.647595,5.83049,5.8247786,6.203475
2019-02-28 08:00:00,4.5642510000000005,4.4338174,4.9083724,5.1657996
2019-02-28 08:15:00,3.622986,3.942947,4.4126873,4.5861897
2019-02-28 08:30:00,2.894836,3.3818967,3.6097875,3.2622867
2019-02-28 08:45:00,2.237726,2.607747,2.2687764,2.1259956
2019-02-28 09:00:00,1.438538,1.8843399,1.7573597,1.5906477
2019-02-28 09:15:00,0.8702270000000001,0.7305751,1.0725756,1.0555899
2019-02-28 09:30:00,0.408474,0.37052298,0.67069554,0.6200495
2019-02-28 09:45:00,0.088799,0.08979726,0.38610625,0.37556434
2019-02-28 10:00:00,0.0,0.07348728,0.23120403,0.19327116
2019-02-28 10:15:00,0.0,0.07348728,0.23120403,0.19327116
2019-02-28 10:30:00,0.0,0.07348728,0.23120403,0.19327116
2019-02-28 10:45:00,0.0,0.07348728,0.23120403,0.19327116
2019-02-28 11:00:00,0.0,0.07348728,0.23120403,0.19327116
2019-02-28 11:15:00,0.0,0.07348728,0.23120403,0.19327116
2019-02-28 11:30:00,0.0,0.07348728,0.23120403,0.19327116
2019-02-28 11:45:00,0.0,0.07348728,0.23120403,0.19327116
2019-02-28 12:00:00,0.0,0.072907925,0.23120403,0.19327116
2019-02-28 12:15:00,0.0,0.072684765,0.23120403,0.19327116
2019-02-28 12:30:00,0.0,0.07110405,0.23120403,0.19327116
2019-02-28 12:45:00,0.0,0.07110405,0.23120403,0.19327116
2019-02-28 13:00:00,0.0,0.071112394,0.23120403,0.19327116
2019-02-28 13:15:00,0.0,0.071112394,0.23120403,0.19327116
2019-02-28 13:30:00,0.0,0.071112394,0.23120403,0.19327116
2019-02-28 13:45:00,0.0,0.071112394,0.23120403,0.19327116
2019-02-28 14:00:00,0.0,0.071112394,0.23120403,0.19327116
2019-02-28 14:15:00,0.0,0.071112394,0.23120403,0.19327116
2019-02-28 14:30:00,0.0,0.071112394,0.23120403,0.19327116
2019-02-28 14:45:00,0.0,0.071112394,0.23120403,0.19327116
2019-02-28 15:00:00,0.0,0.071112394,0.23120403,0.19327116
2019-02-28 15:15:00,0.0,0.071112394,0.23120403,0.19327116
2019-02-28 15:30:00,0.0,0.071112394,0.23120403,0.19327116
2019-02-28 15:45:00,0.0,0.071112394,0.23120403,0.19327116
2019-02-28 16:00:00,0.0,0.071112394,0.23120403,0.19327116
2019-02-28 16:15:00,0.0,0.071112394,0.23120403,0.19327116
2019-02-28 16:30:00,0.0,0.071112394,0.23120403,0.19327116
2019-02-28 16:45:00,0.0,0.071112394,0.23120403,0.19327116
2019-02-28 17:00:00,0.0,0.071112394,0.23120403,0.19327116
2019-02-28 17:15:00,0.0,0.071112394,0.23120403,0.19327116
2019-02-28 17:30:00,0.0,0.071112394,0.23120403,0.19327116
2019-02-28 17:45:00,0.0,0.071112394,0.23120403,0.19327116
2019-02-28 18:00:00,0.0,0.071112394,0.23120403,0.19327116
2019-02-28 18:15:00,0.0,0.071112394,0.23120403,0.19327116
2019-02-28 18:30:00,0.0,0.071112394,0.23120403,0.19327116
2019-02-28 18:45:00,0.0,0.071112394,0.23120403,0.19327116
2019-02-28 19:00:00,0.0,0.071112394,0.23120403,0.19327116
2019-02-28 19:15:00,0.0,0.071112394,0.23120403,0.19327116
2019-02-28 19:30:00,0.0,0.071112394,0.23120403,0.19327116
2019-02-28 19:45:00,0.0,0.071112394,0.23120403,0.19327116
2019-02-28 20:00:00,0.0,0.071112394,0.23120403,0.19327116
2019-02-28 20:15:00,0.0,0.071112394,0.23120403,0.19327116
2019-02-28 20:30:00,0.0,0.071112394,0.23120403,0.19327116
2019-02-28 20:45:00,0.0,0.071112394,0.23120403,0.19327116
2019-02-28 21:00:00,0.0,0.071112394,0.23120403,0.19327116
2019-02-28 21:15:00,0.0,0.071112394,0.23120403,0.19327116
2019-02-28 21:30:00,0.0,0.071112394,0.23120403,0.19327116
2019-02-28 21:45:00,0.0,0.071112394,0.23120403,0.19327116
2019-02-28 22:00:00,0.0,0.071112394,0.23120403,0.19327116
2019-02-28 22:15:00,0.0,0.071112394,0.23120403,0.19327116
2019-02-28 22:30:00,0.0,0.072353125,0.23120403,0.19496799
2019-02-28 22:45:00,0.0,0.072353125,0.23120403,0.19496799
2019-02-28 23:00:00,0.088799,0.17675233,0.27892876,0.29186606
2019-02-28 23:15:00,0.4617529999999999,0.5384891,0.7045028,0.6614759
2019-02-28 23:30:00,0.941266,1.1287062,1.225863,1.2841909
2019-02-28 23:45:00,1.545097,1.7552981,2.1042328,2.1236804
